"job_id","title","job_type","skill","matched_phrase","mentioned"
"W732500","Deli Clerk","Food / beverage","Teamwork",NA,FALSE
"753555","Fresh Cut Produce Clerk","Food / beverage","Teamwork","teamwork",TRUE
"753578","Front End Entry Level","Front end","Teamwork",NA,FALSE
"755785","Frozen Food Supervisor-Philadelphia, PA","Management","Teamwork",NA,FALSE
"753573","Retail Sales and Store Support","Stocking / store support","Teamwork",NA,FALSE
"753572","Deli Clerk","Food / beverage","Teamwork",NA,FALSE
"753576","Night Crew Stocker","Stocking / store support","Teamwork",NA,FALSE
"W734814","In-Store Shopper","Online order picking","Teamwork",NA,FALSE
"W738193","Night Crew Stocker","Stocking / store support","Teamwork",NA,FALSE
"766162","Beverage Steward","Food / beverage","Teamwork",NA,FALSE
"766163","Fresh Cut Produce Clerk","Food / beverage","Teamwork","teamwork",TRUE
"767831","Baker","Food / beverage","Teamwork","team collaboration",TRUE
"W737518","Front End Entry Level","Front end","Teamwork",NA,FALSE
"W738715","Acme Assistant Store Director-Philadelphia, PA","Management","Teamwork",NA,FALSE
"757784","Night Crew Stocker","Stocking / store support","Teamwork",NA,FALSE
"757982","In-Store Shopper","Online order picking","Teamwork",NA,FALSE
"757971","Meat - Seafood Clerk","Food / beverage","Teamwork",NA,FALSE
"757978","Deli Clerk","Food / beverage","Teamwork",NA,FALSE
"757992","Starbucks Barista","Food / beverage","Teamwork",NA,FALSE
"757997","Fresh Cut Produce Clerk","Food / beverage","Teamwork","teamwork",TRUE
"757996","Front End Entry Level","Front end","Teamwork",NA,FALSE
"757989","Night Crew Stocker","Stocking / store support","Teamwork",NA,FALSE
"768747","Deli Clerk","Food / beverage","Teamwork",NA,FALSE
"759503","In-Store Shopper","Online order picking","Teamwork",NA,FALSE
"759516","Dairy Clerk","Food / beverage","Teamwork","team collaboration",TRUE
"759654","Deli Clerk","Food / beverage","Teamwork",NA,FALSE
"759510","Meat - Seafood Clerk","Food / beverage","Teamwork",NA,FALSE
"759538","Front End Entry Level","Front end","Teamwork",NA,FALSE
"759529","Fresh Cut Produce Clerk","Food / beverage","Teamwork","teamwork",TRUE
"758001","Fresh Cut Produce Clerk","Food / beverage","Teamwork","teamwork",TRUE
"765325","Deli Clerk","Food / beverage","Teamwork",NA,FALSE
"767314","Pharmacy Technician","Pharmacy","Teamwork",NA,FALSE
"767868","Night Crew Stocker","Stocking / store support","Teamwork",NA,FALSE
"766203","Deli Clerk","Food / beverage","Teamwork",NA,FALSE
"W738195","Deli Associate","Food / beverage","Teamwork",NA,FALSE
"762291","Night Crew Stocker","Stocking / store support","Teamwork",NA,FALSE
"W733404","In-Store Shopper","Online order picking","Teamwork",NA,FALSE
"W736204","Deli Clerk","Food / beverage","Teamwork",NA,FALSE
"759853","Front End Entry Level","Front end","Teamwork",NA,FALSE
"768625","Fresh Cut Produce Clerk","Food / beverage","Teamwork","teamwork",TRUE
"766339","In-Store Shopper","Online order picking","Teamwork","coordinating order needs with team members",TRUE
"745976","Deli Clerk","Food / beverage","Teamwork",NA,FALSE
"765186","Asst. Deli Manager-Philadelphia, PA","Management","Teamwork",NA,FALSE
"W734681","Deli Clerk","Food / beverage","Teamwork",NA,FALSE
"W734688","Front End Entry Level","Front end","Teamwork",NA,FALSE
"748505","Fresh Cut Produce Clerk","Food / beverage","Teamwork","teamwork",TRUE
"748705","Meat - Seafood Clerk","Food / beverage","Teamwork",NA,FALSE
"766315","Front End Entry Level","Front end","Teamwork",NA,FALSE
"766313","Bakery Clerk","Food / beverage","Teamwork","ability to contribute effectively",TRUE
"W733472","Front End Entry Level","Front end","Teamwork",NA,FALSE
"761686","Cake Decorator","Food / beverage","Teamwork",NA,FALSE
"748367","Customer Service Clerk","Front end","Teamwork","teamwork",TRUE
"753353","Bakery Clerk","Food / beverage","Teamwork","ability to contribute effectively",TRUE
"W742507","Front End Entry Level","Front end","Teamwork",NA,FALSE
"766268","In-Store Shopper","Online order picking","Teamwork","coordinating order needs with team members",TRUE
"765920","Customer Service Clerk","Front end","Teamwork","teamwork",TRUE
"765005","Night Crew Stocker","Stocking / store support","Teamwork",NA,FALSE
"765009","Front End Entry Level","Front end","Teamwork",NA,FALSE
"763037","Deli Clerk","Food / beverage","Teamwork",NA,FALSE
"763036","Fresh Cut Produce Clerk","Food / beverage","Teamwork","teamwork",TRUE
"763046","Front End Entry Level","Front end","Teamwork",NA,FALSE
"763040","In-Store Shopper","Online order picking","Teamwork",NA,FALSE
"759822","Pharmacy Manager (Pharmacist)","Pharmacy","Teamwork",NA,FALSE
"W743851","Deli Clerk","Food / beverage","Teamwork",NA,FALSE
"W731273","Front End Entry Level","Front end","Teamwork",NA,FALSE
"757415","Fresh Cut Produce Clerk","Food / beverage","Teamwork","teamwork",TRUE
"759149","Meat - Seafood Clerk","Food / beverage","Teamwork",NA,FALSE
"758601","Front End Entry Level","Front end","Teamwork",NA,FALSE
"W743965","Baker","Food / beverage","Teamwork",NA,FALSE
"762779","Deli Clerk","Food / beverage","Teamwork",NA,FALSE
"765425","Front End Entry Level","Front end","Teamwork",NA,FALSE
"W735295","Deli Clerk","Food / beverage","Teamwork",NA,FALSE
"W735293","Front End Entry Level","Front end","Teamwork",NA,FALSE
"755786","Acme Assistant Store Director- Philadelphia, PA","Management","Teamwork",NA,FALSE
"763018","Fresh Cut Produce Clerk","Food / beverage","Teamwork","teamwork",TRUE
"760931","Front End Entry Level","Front end","Teamwork",NA,FALSE
"757849","Deli Clerk","Food / beverage","Teamwork",NA,FALSE
"W739803","In-Store Shopper","Online order picking","Teamwork",NA,FALSE
"W735815","Fresh Cut Produce Clerk","Food / beverage","Teamwork","teamwork",TRUE
"759382","Meat - Seafood Clerk","Food / beverage","Teamwork",NA,FALSE
"W735799","Front End Entry Level","Front end","Teamwork",NA,FALSE
"764996","Deli Clerk","Food / beverage","Teamwork",NA,FALSE
"764995","Front End Entry Level","Front end","Teamwork",NA,FALSE
"753190","Deli Clerk","Food / beverage","Teamwork",NA,FALSE
"768701","Night Crew Stocker","Stocking / store support","Teamwork",NA,FALSE
"753199","Retail Sales and Store Support","Stocking / store support","Teamwork",NA,FALSE
"763488","In-Store Shopper","Online order picking","Teamwork",NA,FALSE
"766813","2027 Pharmacy Graduate Intern-ACME","Pharmacy","Teamwork",NA,FALSE
"768334","Fresh Cut Produce Clerk","Food / beverage","Teamwork","teamwork",TRUE
"768338","Deli Clerk","Food / beverage","Teamwork",NA,FALSE
"768341","Front End Entry Level","Front end","Teamwork",NA,FALSE
"W737276","Front End Entry Level","Front end","Teamwork",NA,FALSE
"W736222","Deli Clerk","Food / beverage","Teamwork",NA,FALSE
"W743435","Meat - Seafood Clerk","Food / beverage","Teamwork",NA,FALSE
"W743441","Fresh Cut Produce Clerk","Food / beverage","Teamwork","teamwork",TRUE
"W743429","Bakery Clerk","Food / beverage","Teamwork","ability to contribute effectively",TRUE
"W743406","Front End Entry Level","Front end","Teamwork",NA,FALSE
"758298","Deli Clerk","Food / beverage","Teamwork",NA,FALSE
"W743421","In-Store Shopper","Online order picking","Teamwork",NA,FALSE
"759190","Customer Service Clerk","Front end","Teamwork","teamwork",TRUE
"759196","Meat - Seafood Clerk","Food / beverage","Teamwork",NA,FALSE
"759199","Retail Sales and Store Support","Stocking / store support","Teamwork",NA,FALSE
"755616","Bakery Clerk","Food / beverage","Teamwork","ability to contribute effectively",TRUE
"752098","Front End Entry Level","Front end","Teamwork",NA,FALSE
"765035","Fresh Cut Produce Clerk","Food / beverage","Teamwork","teamwork",TRUE
"766712","Front End Entry Level","Front end","Teamwork",NA,FALSE
"746292","Deli Clerk","Food / beverage","Teamwork",NA,FALSE
"753392","Bakery Clerk","Food / beverage","Teamwork","ability to contribute effectively",TRUE
"749616","In-Store Shopper","Online order picking","Teamwork",NA,FALSE
"748847","Deli Clerk","Food / beverage","Teamwork",NA,FALSE
"749698","Deli Clerk","Food / beverage","Teamwork",NA,FALSE
"749726","Front End Entry Level","Front end","Teamwork",NA,FALSE
"758881","Deli Clerk","Food / beverage","Teamwork",NA,FALSE
"758887","Cake Decorator","Food / beverage","Teamwork",NA,FALSE
"W736459","Front End Entry Level","Front end","Teamwork",NA,FALSE
"W734472","Acme Store Director-Philadelphia, PA","Management","Teamwork",NA,FALSE
"W738695","Refrigeration Technician - Philadelphia, Chester, Delaware Counties","Maintenance","Teamwork",NA,FALSE
"766523","Acme Store Director-Philadelphia, PA","Management","Teamwork",NA,FALSE
"W732500","Deli Clerk","Food / beverage","Communication",NA,FALSE
"753555","Fresh Cut Produce Clerk","Food / beverage","Communication","communicat",TRUE
"753578","Front End Entry Level","Front end","Communication",NA,FALSE
"755785","Frozen Food Supervisor-Philadelphia, PA","Management","Communication","communicat",TRUE
"753573","Retail Sales and Store Support","Stocking / store support","Communication",NA,FALSE
"753572","Deli Clerk","Food / beverage","Communication",NA,FALSE
"753576","Night Crew Stocker","Stocking / store support","Communication",NA,FALSE
"W734814","In-Store Shopper","Online order picking","Communication",NA,FALSE
"W738193","Night Crew Stocker","Stocking / store support","Communication",NA,FALSE
"766162","Beverage Steward","Food / beverage","Communication","communicat",TRUE
"766163","Fresh Cut Produce Clerk","Food / beverage","Communication","communicat",TRUE
"767831","Baker","Food / beverage","Communication",NA,FALSE
"W737518","Front End Entry Level","Front end","Communication",NA,FALSE
"W738715","Acme Assistant Store Director-Philadelphia, PA","Management","Communication",NA,FALSE
"757784","Night Crew Stocker","Stocking / store support","Communication",NA,FALSE
"757982","In-Store Shopper","Online order picking","Communication",NA,FALSE
"757971","Meat - Seafood Clerk","Food / beverage","Communication",NA,FALSE
"757978","Deli Clerk","Food / beverage","Communication",NA,FALSE
"757992","Starbucks Barista","Food / beverage","Communication",NA,FALSE
"757997","Fresh Cut Produce Clerk","Food / beverage","Communication","communicat",TRUE
"757996","Front End Entry Level","Front end","Communication",NA,FALSE
"757989","Night Crew Stocker","Stocking / store support","Communication",NA,FALSE
"768747","Deli Clerk","Food / beverage","Communication","communicat",TRUE
"759503","In-Store Shopper","Online order picking","Communication",NA,FALSE
"759516","Dairy Clerk","Food / beverage","Communication","communicat",TRUE
"759654","Deli Clerk","Food / beverage","Communication",NA,FALSE
"759510","Meat - Seafood Clerk","Food / beverage","Communication",NA,FALSE
"759538","Front End Entry Level","Front end","Communication",NA,FALSE
"759529","Fresh Cut Produce Clerk","Food / beverage","Communication","communicat",TRUE
"758001","Fresh Cut Produce Clerk","Food / beverage","Communication","communicat",TRUE
"765325","Deli Clerk","Food / beverage","Communication",NA,FALSE
"767314","Pharmacy Technician","Pharmacy","Communication","communicat",TRUE
"767868","Night Crew Stocker","Stocking / store support","Communication","communicat",TRUE
"766203","Deli Clerk","Food / beverage","Communication","communicat",TRUE
"W738195","Deli Associate","Food / beverage","Communication",NA,FALSE
"762291","Night Crew Stocker","Stocking / store support","Communication",NA,FALSE
"W733404","In-Store Shopper","Online order picking","Communication",NA,FALSE
"W736204","Deli Clerk","Food / beverage","Communication",NA,FALSE
"759853","Front End Entry Level","Front end","Communication",NA,FALSE
"768625","Fresh Cut Produce Clerk","Food / beverage","Communication","communicat",TRUE
"766339","In-Store Shopper","Online order picking","Communication","communicat",TRUE
"745976","Deli Clerk","Food / beverage","Communication",NA,FALSE
"765186","Asst. Deli Manager-Philadelphia, PA","Management","Communication","communicat",TRUE
"W734681","Deli Clerk","Food / beverage","Communication",NA,FALSE
"W734688","Front End Entry Level","Front end","Communication",NA,FALSE
"748505","Fresh Cut Produce Clerk","Food / beverage","Communication","communicat",TRUE
"748705","Meat - Seafood Clerk","Food / beverage","Communication",NA,FALSE
"766315","Front End Entry Level","Front end","Communication","communicat",TRUE
"766313","Bakery Clerk","Food / beverage","Communication",NA,FALSE
"W733472","Front End Entry Level","Front end","Communication",NA,FALSE
"761686","Cake Decorator","Food / beverage","Communication",NA,FALSE
"748367","Customer Service Clerk","Front end","Communication","communicat",TRUE
"753353","Bakery Clerk","Food / beverage","Communication",NA,FALSE
"W742507","Front End Entry Level","Front end","Communication",NA,FALSE
"766268","In-Store Shopper","Online order picking","Communication","communicat",TRUE
"765920","Customer Service Clerk","Front end","Communication","communicat",TRUE
"765005","Night Crew Stocker","Stocking / store support","Communication",NA,FALSE
"765009","Front End Entry Level","Front end","Communication",NA,FALSE
"763037","Deli Clerk","Food / beverage","Communication",NA,FALSE
"763036","Fresh Cut Produce Clerk","Food / beverage","Communication","communicat",TRUE
"763046","Front End Entry Level","Front end","Communication",NA,FALSE
"763040","In-Store Shopper","Online order picking","Communication",NA,FALSE
"759822","Pharmacy Manager (Pharmacist)","Pharmacy","Communication",NA,FALSE
"W743851","Deli Clerk","Food / beverage","Communication",NA,FALSE
"W731273","Front End Entry Level","Front end","Communication",NA,FALSE
"757415","Fresh Cut Produce Clerk","Food / beverage","Communication","communicat",TRUE
"759149","Meat - Seafood Clerk","Food / beverage","Communication",NA,FALSE
"758601","Front End Entry Level","Front end","Communication",NA,FALSE
"W743965","Baker","Food / beverage","Communication",NA,FALSE
"762779","Deli Clerk","Food / beverage","Communication",NA,FALSE
"765425","Front End Entry Level","Front end","Communication",NA,FALSE
"W735295","Deli Clerk","Food / beverage","Communication",NA,FALSE
"W735293","Front End Entry Level","Front end","Communication",NA,FALSE
"755786","Acme Assistant Store Director- Philadelphia, PA","Management","Communication",NA,FALSE
"763018","Fresh Cut Produce Clerk","Food / beverage","Communication","communicat",TRUE
"760931","Front End Entry Level","Front end","Communication",NA,FALSE
"757849","Deli Clerk","Food / beverage","Communication",NA,FALSE
"W739803","In-Store Shopper","Online order picking","Communication",NA,FALSE
"W735815","Fresh Cut Produce Clerk","Food / beverage","Communication","communicat",TRUE
"759382","Meat - Seafood Clerk","Food / beverage","Communication",NA,FALSE
"W735799","Front End Entry Level","Front end","Communication",NA,FALSE
"764996","Deli Clerk","Food / beverage","Communication",NA,FALSE
"764995","Front End Entry Level","Front end","Communication",NA,FALSE
"753190","Deli Clerk","Food / beverage","Communication",NA,FALSE
"768701","Night Crew Stocker","Stocking / store support","Communication","communicat",TRUE
"753199","Retail Sales and Store Support","Stocking / store support","Communication",NA,FALSE
"763488","In-Store Shopper","Online order picking","Communication",NA,FALSE
"766813","2027 Pharmacy Graduate Intern-ACME","Pharmacy","Communication",NA,FALSE
"768334","Fresh Cut Produce Clerk","Food / beverage","Communication","communicat",TRUE
"768338","Deli Clerk","Food / beverage","Communication","communicat",TRUE
"768341","Front End Entry Level","Front end","Communication","communicat",TRUE
"W737276","Front End Entry Level","Front end","Communication",NA,FALSE
"W736222","Deli Clerk","Food / beverage","Communication",NA,FALSE
"W743435","Meat - Seafood Clerk","Food / beverage","Communication",NA,FALSE
"W743441","Fresh Cut Produce Clerk","Food / beverage","Communication","communicat",TRUE
"W743429","Bakery Clerk","Food / beverage","Communication",NA,FALSE
"W743406","Front End Entry Level","Front end","Communication",NA,FALSE
"758298","Deli Clerk","Food / beverage","Communication",NA,FALSE
"W743421","In-Store Shopper","Online order picking","Communication",NA,FALSE
"759190","Customer Service Clerk","Front end","Communication","communicat",TRUE
"759196","Meat - Seafood Clerk","Food / beverage","Communication",NA,FALSE
"759199","Retail Sales and Store Support","Stocking / store support","Communication",NA,FALSE
"755616","Bakery Clerk","Food / beverage","Communication",NA,FALSE
"752098","Front End Entry Level","Front end","Communication",NA,FALSE
"765035","Fresh Cut Produce Clerk","Food / beverage","Communication","communicat",TRUE
"766712","Front End Entry Level","Front end","Communication","communicat",TRUE
"746292","Deli Clerk","Food / beverage","Communication",NA,FALSE
"753392","Bakery Clerk","Food / beverage","Communication",NA,FALSE
"749616","In-Store Shopper","Online order picking","Communication",NA,FALSE
"748847","Deli Clerk","Food / beverage","Communication",NA,FALSE
"749698","Deli Clerk","Food / beverage","Communication",NA,FALSE
"749726","Front End Entry Level","Front end","Communication",NA,FALSE
"758881","Deli Clerk","Food / beverage","Communication",NA,FALSE
"758887","Cake Decorator","Food / beverage","Communication",NA,FALSE
"W736459","Front End Entry Level","Front end","Communication",NA,FALSE
"W734472","Acme Store Director-Philadelphia, PA","Management","Communication","communicat",TRUE
"W738695","Refrigeration Technician - Philadelphia, Chester, Delaware Counties","Maintenance","Communication",NA,FALSE
"766523","Acme Store Director-Philadelphia, PA","Management","Communication","communicat",TRUE
"W732500","Deli Clerk","Food / beverage","Organization / time management",NA,FALSE
"753555","Fresh Cut Produce Clerk","Food / beverage","Organization / time management","multitask",TRUE
"753578","Front End Entry Level","Front end","Organization / time management",NA,FALSE
"755785","Frozen Food Supervisor-Philadelphia, PA","Management","Organization / time management",NA,FALSE
"753573","Retail Sales and Store Support","Stocking / store support","Organization / time management",NA,FALSE
"753572","Deli Clerk","Food / beverage","Organization / time management",NA,FALSE
"753576","Night Crew Stocker","Stocking / store support","Organization / time management",NA,FALSE
"W734814","In-Store Shopper","Online order picking","Organization / time management",NA,FALSE
"W738193","Night Crew Stocker","Stocking / store support","Organization / time management",NA,FALSE
"766162","Beverage Steward","Food / beverage","Organization / time management","organization",TRUE
"766163","Fresh Cut Produce Clerk","Food / beverage","Organization / time management","multitask",TRUE
"767831","Baker","Food / beverage","Organization / time management","organization",TRUE
"W737518","Front End Entry Level","Front end","Organization / time management",NA,FALSE
"W738715","Acme Assistant Store Director-Philadelphia, PA","Management","Organization / time management",NA,FALSE
"757784","Night Crew Stocker","Stocking / store support","Organization / time management",NA,FALSE
"757982","In-Store Shopper","Online order picking","Organization / time management",NA,FALSE
"757971","Meat - Seafood Clerk","Food / beverage","Organization / time management",NA,FALSE
"757978","Deli Clerk","Food / beverage","Organization / time management",NA,FALSE
"757992","Starbucks Barista","Food / beverage","Organization / time management",NA,FALSE
"757997","Fresh Cut Produce Clerk","Food / beverage","Organization / time management","multitask",TRUE
"757996","Front End Entry Level","Front end","Organization / time management",NA,FALSE
"757989","Night Crew Stocker","Stocking / store support","Organization / time management",NA,FALSE
"768747","Deli Clerk","Food / beverage","Organization / time management","organization",TRUE
"759503","In-Store Shopper","Online order picking","Organization / time management",NA,FALSE
"759516","Dairy Clerk","Food / beverage","Organization / time management","organized",TRUE
"759654","Deli Clerk","Food / beverage","Organization / time management",NA,FALSE
"759510","Meat - Seafood Clerk","Food / beverage","Organization / time management",NA,FALSE
"759538","Front End Entry Level","Front end","Organization / time management",NA,FALSE
"759529","Fresh Cut Produce Clerk","Food / beverage","Organization / time management","multitask",TRUE
"758001","Fresh Cut Produce Clerk","Food / beverage","Organization / time management","multitask",TRUE
"765325","Deli Clerk","Food / beverage","Organization / time management",NA,FALSE
"767314","Pharmacy Technician","Pharmacy","Organization / time management","organization",TRUE
"767868","Night Crew Stocker","Stocking / store support","Organization / time management","organization",TRUE
"766203","Deli Clerk","Food / beverage","Organization / time management","organization",TRUE
"W738195","Deli Associate","Food / beverage","Organization / time management",NA,FALSE
"762291","Night Crew Stocker","Stocking / store support","Organization / time management",NA,FALSE
"W733404","In-Store Shopper","Online order picking","Organization / time management",NA,FALSE
"W736204","Deli Clerk","Food / beverage","Organization / time management",NA,FALSE
"759853","Front End Entry Level","Front end","Organization / time management",NA,FALSE
"768625","Fresh Cut Produce Clerk","Food / beverage","Organization / time management","multitask",TRUE
"766339","In-Store Shopper","Online order picking","Organization / time management","organization",TRUE
"745976","Deli Clerk","Food / beverage","Organization / time management",NA,FALSE
"765186","Asst. Deli Manager-Philadelphia, PA","Management","Organization / time management","organization",TRUE
"W734681","Deli Clerk","Food / beverage","Organization / time management",NA,FALSE
"W734688","Front End Entry Level","Front end","Organization / time management",NA,FALSE
"748505","Fresh Cut Produce Clerk","Food / beverage","Organization / time management","multitask",TRUE
"748705","Meat - Seafood Clerk","Food / beverage","Organization / time management",NA,FALSE
"766315","Front End Entry Level","Front end","Organization / time management","organization",TRUE
"766313","Bakery Clerk","Food / beverage","Organization / time management","organizational skills",TRUE
"W733472","Front End Entry Level","Front end","Organization / time management",NA,FALSE
"761686","Cake Decorator","Food / beverage","Organization / time management",NA,FALSE
"748367","Customer Service Clerk","Front end","Organization / time management","organizational skills",TRUE
"753353","Bakery Clerk","Food / beverage","Organization / time management","organizational skills",TRUE
"W742507","Front End Entry Level","Front end","Organization / time management",NA,FALSE
"766268","In-Store Shopper","Online order picking","Organization / time management","organization",TRUE
"765920","Customer Service Clerk","Front end","Organization / time management","organizational skills",TRUE
"765005","Night Crew Stocker","Stocking / store support","Organization / time management",NA,FALSE
"765009","Front End Entry Level","Front end","Organization / time management",NA,FALSE
"763037","Deli Clerk","Food / beverage","Organization / time management",NA,FALSE
"763036","Fresh Cut Produce Clerk","Food / beverage","Organization / time management","multitask",TRUE
"763046","Front End Entry Level","Front end","Organization / time management",NA,FALSE
"763040","In-Store Shopper","Online order picking","Organization / time management",NA,FALSE
"759822","Pharmacy Manager (Pharmacist)","Pharmacy","Organization / time management",NA,FALSE
"W743851","Deli Clerk","Food / beverage","Organization / time management",NA,FALSE
"W731273","Front End Entry Level","Front end","Organization / time management",NA,FALSE
"757415","Fresh Cut Produce Clerk","Food / beverage","Organization / time management","multitask",TRUE
"759149","Meat - Seafood Clerk","Food / beverage","Organization / time management",NA,FALSE
"758601","Front End Entry Level","Front end","Organization / time management",NA,FALSE
"W743965","Baker","Food / beverage","Organization / time management",NA,FALSE
"762779","Deli Clerk","Food / beverage","Organization / time management",NA,FALSE
"765425","Front End Entry Level","Front end","Organization / time management",NA,FALSE
"W735295","Deli Clerk","Food / beverage","Organization / time management",NA,FALSE
"W735293","Front End Entry Level","Front end","Organization / time management",NA,FALSE
"755786","Acme Assistant Store Director- Philadelphia, PA","Management","Organization / time management",NA,FALSE
"763018","Fresh Cut Produce Clerk","Food / beverage","Organization / time management","multitask",TRUE
"760931","Front End Entry Level","Front end","Organization / time management",NA,FALSE
"757849","Deli Clerk","Food / beverage","Organization / time management",NA,FALSE
"W739803","In-Store Shopper","Online order picking","Organization / time management",NA,FALSE
"W735815","Fresh Cut Produce Clerk","Food / beverage","Organization / time management","multitask",TRUE
"759382","Meat - Seafood Clerk","Food / beverage","Organization / time management",NA,FALSE
"W735799","Front End Entry Level","Front end","Organization / time management",NA,FALSE
"764996","Deli Clerk","Food / beverage","Organization / time management",NA,FALSE
"764995","Front End Entry Level","Front end","Organization / time management",NA,FALSE
"753190","Deli Clerk","Food / beverage","Organization / time management",NA,FALSE
"768701","Night Crew Stocker","Stocking / store support","Organization / time management","organization",TRUE
"753199","Retail Sales and Store Support","Stocking / store support","Organization / time management",NA,FALSE
"763488","In-Store Shopper","Online order picking","Organization / time management",NA,FALSE
"766813","2027 Pharmacy Graduate Intern-ACME","Pharmacy","Organization / time management",NA,FALSE
"768334","Fresh Cut Produce Clerk","Food / beverage","Organization / time management","multitask",TRUE
"768338","Deli Clerk","Food / beverage","Organization / time management","organization",TRUE
"768341","Front End Entry Level","Front end","Organization / time management","organization",TRUE
"W737276","Front End Entry Level","Front end","Organization / time management",NA,FALSE
"W736222","Deli Clerk","Food / beverage","Organization / time management",NA,FALSE
"W743435","Meat - Seafood Clerk","Food / beverage","Organization / time management",NA,FALSE
"W743441","Fresh Cut Produce Clerk","Food / beverage","Organization / time management","multitask",TRUE
"W743429","Bakery Clerk","Food / beverage","Organization / time management","organizational skills",TRUE
"W743406","Front End Entry Level","Front end","Organization / time management",NA,FALSE
"758298","Deli Clerk","Food / beverage","Organization / time management",NA,FALSE
"W743421","In-Store Shopper","Online order picking","Organization / time management",NA,FALSE
"759190","Customer Service Clerk","Front end","Organization / time management","organizational skills",TRUE
"759196","Meat - Seafood Clerk","Food / beverage","Organization / time management",NA,FALSE
"759199","Retail Sales and Store Support","Stocking / store support","Organization / time management",NA,FALSE
"755616","Bakery Clerk","Food / beverage","Organization / time management","organizational skills",TRUE
"752098","Front End Entry Level","Front end","Organization / time management",NA,FALSE
"765035","Fresh Cut Produce Clerk","Food / beverage","Organization / time management","multitask",TRUE
"766712","Front End Entry Level","Front end","Organization / time management","organization",TRUE
"746292","Deli Clerk","Food / beverage","Organization / time management",NA,FALSE
"753392","Bakery Clerk","Food / beverage","Organization / time management","organizational skills",TRUE
"749616","In-Store Shopper","Online order picking","Organization / time management",NA,FALSE
"748847","Deli Clerk","Food / beverage","Organization / time management",NA,FALSE
"749698","Deli Clerk","Food / beverage","Organization / time management",NA,FALSE
"749726","Front End Entry Level","Front end","Organization / time management",NA,FALSE
"758881","Deli Clerk","Food / beverage","Organization / time management",NA,FALSE
"758887","Cake Decorator","Food / beverage","Organization / time management",NA,FALSE
"W736459","Front End Entry Level","Front end","Organization / time management",NA,FALSE
"W734472","Acme Store Director-Philadelphia, PA","Management","Organization / time management",NA,FALSE
"W738695","Refrigeration Technician - Philadelphia, Chester, Delaware Counties","Maintenance","Organization / time management",NA,FALSE
"766523","Acme Store Director-Philadelphia, PA","Management","Organization / time management",NA,FALSE
"W732500","Deli Clerk","Food / beverage","Attention to detail",NA,FALSE
"753555","Fresh Cut Produce Clerk","Food / beverage","Attention to detail","precision",TRUE
"753578","Front End Entry Level","Front end","Attention to detail",NA,FALSE
"755785","Frozen Food Supervisor-Philadelphia, PA","Management","Attention to detail","accurately",TRUE
"753573","Retail Sales and Store Support","Stocking / store support","Attention to detail",NA,FALSE
"753572","Deli Clerk","Food / beverage","Attention to detail",NA,FALSE
"753576","Night Crew Stocker","Stocking / store support","Attention to detail",NA,FALSE
"W734814","In-Store Shopper","Online order picking","Attention to detail",NA,FALSE
"W738193","Night Crew Stocker","Stocking / store support","Attention to detail",NA,FALSE
"766162","Beverage Steward","Food / beverage","Attention to detail","attention to detail",TRUE
"766163","Fresh Cut Produce Clerk","Food / beverage","Attention to detail","precision",TRUE
"767831","Baker","Food / beverage","Attention to detail","attention to detail",TRUE
"W737518","Front End Entry Level","Front end","Attention to detail",NA,FALSE
"W738715","Acme Assistant Store Director-Philadelphia, PA","Management","Attention to detail",NA,FALSE
"757784","Night Crew Stocker","Stocking / store support","Attention to detail",NA,FALSE
"757982","In-Store Shopper","Online order picking","Attention to detail",NA,FALSE
"757971","Meat - Seafood Clerk","Food / beverage","Attention to detail",NA,FALSE
"757978","Deli Clerk","Food / beverage","Attention to detail",NA,FALSE
"757992","Starbucks Barista","Food / beverage","Attention to detail",NA,FALSE
"757997","Fresh Cut Produce Clerk","Food / beverage","Attention to detail","precision",TRUE
"757996","Front End Entry Level","Front end","Attention to detail",NA,FALSE
"757989","Night Crew Stocker","Stocking / store support","Attention to detail",NA,FALSE
"768747","Deli Clerk","Food / beverage","Attention to detail","attention to detail",TRUE
"759503","In-Store Shopper","Online order picking","Attention to detail",NA,FALSE
"759516","Dairy Clerk","Food / beverage","Attention to detail","attention to detail",TRUE
"759654","Deli Clerk","Food / beverage","Attention to detail",NA,FALSE
"759510","Meat - Seafood Clerk","Food / beverage","Attention to detail",NA,FALSE
"759538","Front End Entry Level","Front end","Attention to detail",NA,FALSE
"759529","Fresh Cut Produce Clerk","Food / beverage","Attention to detail","precision",TRUE
"758001","Fresh Cut Produce Clerk","Food / beverage","Attention to detail","precision",TRUE
"765325","Deli Clerk","Food / beverage","Attention to detail",NA,FALSE
"767314","Pharmacy Technician","Pharmacy","Attention to detail","attention to detail",TRUE
"767868","Night Crew Stocker","Stocking / store support","Attention to detail","accurately",TRUE
"766203","Deli Clerk","Food / beverage","Attention to detail","attention to detail",TRUE
"W738195","Deli Associate","Food / beverage","Attention to detail",NA,FALSE
"762291","Night Crew Stocker","Stocking / store support","Attention to detail",NA,FALSE
"W733404","In-Store Shopper","Online order picking","Attention to detail",NA,FALSE
"W736204","Deli Clerk","Food / beverage","Attention to detail",NA,FALSE
"759853","Front End Entry Level","Front end","Attention to detail",NA,FALSE
"768625","Fresh Cut Produce Clerk","Food / beverage","Attention to detail","precision",TRUE
"766339","In-Store Shopper","Online order picking","Attention to detail","attention to detail",TRUE
"745976","Deli Clerk","Food / beverage","Attention to detail",NA,FALSE
"765186","Asst. Deli Manager-Philadelphia, PA","Management","Attention to detail",NA,FALSE
"W734681","Deli Clerk","Food / beverage","Attention to detail",NA,FALSE
"W734688","Front End Entry Level","Front end","Attention to detail",NA,FALSE
"748505","Fresh Cut Produce Clerk","Food / beverage","Attention to detail","precision",TRUE
"748705","Meat - Seafood Clerk","Food / beverage","Attention to detail",NA,FALSE
"766315","Front End Entry Level","Front end","Attention to detail","accurately",TRUE
"766313","Bakery Clerk","Food / beverage","Attention to detail","eye for detail",TRUE
"W733472","Front End Entry Level","Front end","Attention to detail",NA,FALSE
"761686","Cake Decorator","Food / beverage","Attention to detail",NA,FALSE
"748367","Customer Service Clerk","Front end","Attention to detail",NA,FALSE
"753353","Bakery Clerk","Food / beverage","Attention to detail","eye for detail",TRUE
"W742507","Front End Entry Level","Front end","Attention to detail",NA,FALSE
"766268","In-Store Shopper","Online order picking","Attention to detail","attention to detail",TRUE
"765920","Customer Service Clerk","Front end","Attention to detail",NA,FALSE
"765005","Night Crew Stocker","Stocking / store support","Attention to detail",NA,FALSE
"765009","Front End Entry Level","Front end","Attention to detail",NA,FALSE
"763037","Deli Clerk","Food / beverage","Attention to detail",NA,FALSE
"763036","Fresh Cut Produce Clerk","Food / beverage","Attention to detail","precision",TRUE
"763046","Front End Entry Level","Front end","Attention to detail",NA,FALSE
"763040","In-Store Shopper","Online order picking","Attention to detail",NA,FALSE
"759822","Pharmacy Manager (Pharmacist)","Pharmacy","Attention to detail",NA,FALSE
"W743851","Deli Clerk","Food / beverage","Attention to detail",NA,FALSE
"W731273","Front End Entry Level","Front end","Attention to detail",NA,FALSE
"757415","Fresh Cut Produce Clerk","Food / beverage","Attention to detail","precision",TRUE
"759149","Meat - Seafood Clerk","Food / beverage","Attention to detail",NA,FALSE
"758601","Front End Entry Level","Front end","Attention to detail",NA,FALSE
"W743965","Baker","Food / beverage","Attention to detail",NA,FALSE
"762779","Deli Clerk","Food / beverage","Attention to detail",NA,FALSE
"765425","Front End Entry Level","Front end","Attention to detail",NA,FALSE
"W735295","Deli Clerk","Food / beverage","Attention to detail",NA,FALSE
"W735293","Front End Entry Level","Front end","Attention to detail",NA,FALSE
"755786","Acme Assistant Store Director- Philadelphia, PA","Management","Attention to detail",NA,FALSE
"763018","Fresh Cut Produce Clerk","Food / beverage","Attention to detail","precision",TRUE
"760931","Front End Entry Level","Front end","Attention to detail",NA,FALSE
"757849","Deli Clerk","Food / beverage","Attention to detail",NA,FALSE
"W739803","In-Store Shopper","Online order picking","Attention to detail",NA,FALSE
"W735815","Fresh Cut Produce Clerk","Food / beverage","Attention to detail","precision",TRUE
"759382","Meat - Seafood Clerk","Food / beverage","Attention to detail",NA,FALSE
"W735799","Front End Entry Level","Front end","Attention to detail",NA,FALSE
"764996","Deli Clerk","Food / beverage","Attention to detail",NA,FALSE
"764995","Front End Entry Level","Front end","Attention to detail",NA,FALSE
"753190","Deli Clerk","Food / beverage","Attention to detail",NA,FALSE
"768701","Night Crew Stocker","Stocking / store support","Attention to detail","accurately",TRUE
"753199","Retail Sales and Store Support","Stocking / store support","Attention to detail",NA,FALSE
"763488","In-Store Shopper","Online order picking","Attention to detail",NA,FALSE
"766813","2027 Pharmacy Graduate Intern-ACME","Pharmacy","Attention to detail",NA,FALSE
"768334","Fresh Cut Produce Clerk","Food / beverage","Attention to detail","precision",TRUE
"768338","Deli Clerk","Food / beverage","Attention to detail","attention to detail",TRUE
"768341","Front End Entry Level","Front end","Attention to detail","accurately",TRUE
"W737276","Front End Entry Level","Front end","Attention to detail",NA,FALSE
"W736222","Deli Clerk","Food / beverage","Attention to detail",NA,FALSE
"W743435","Meat - Seafood Clerk","Food / beverage","Attention to detail",NA,FALSE
"W743441","Fresh Cut Produce Clerk","Food / beverage","Attention to detail","precision",TRUE
"W743429","Bakery Clerk","Food / beverage","Attention to detail","eye for detail",TRUE
"W743406","Front End Entry Level","Front end","Attention to detail",NA,FALSE
"758298","Deli Clerk","Food / beverage","Attention to detail",NA,FALSE
"W743421","In-Store Shopper","Online order picking","Attention to detail",NA,FALSE
"759190","Customer Service Clerk","Front end","Attention to detail",NA,FALSE
"759196","Meat - Seafood Clerk","Food / beverage","Attention to detail",NA,FALSE
"759199","Retail Sales and Store Support","Stocking / store support","Attention to detail",NA,FALSE
"755616","Bakery Clerk","Food / beverage","Attention to detail","eye for detail",TRUE
"752098","Front End Entry Level","Front end","Attention to detail",NA,FALSE
"765035","Fresh Cut Produce Clerk","Food / beverage","Attention to detail","precision",TRUE
"766712","Front End Entry Level","Front end","Attention to detail","accurately",TRUE
"746292","Deli Clerk","Food / beverage","Attention to detail",NA,FALSE
"753392","Bakery Clerk","Food / beverage","Attention to detail","eye for detail",TRUE
"749616","In-Store Shopper","Online order picking","Attention to detail",NA,FALSE
"748847","Deli Clerk","Food / beverage","Attention to detail",NA,FALSE
"749698","Deli Clerk","Food / beverage","Attention to detail",NA,FALSE
"749726","Front End Entry Level","Front end","Attention to detail",NA,FALSE
"758881","Deli Clerk","Food / beverage","Attention to detail",NA,FALSE
"758887","Cake Decorator","Food / beverage","Attention to detail",NA,FALSE
"W736459","Front End Entry Level","Front end","Attention to detail",NA,FALSE
"W734472","Acme Store Director-Philadelphia, PA","Management","Attention to detail",NA,FALSE
"W738695","Refrigeration Technician - Philadelphia, Chester, Delaware Counties","Maintenance","Attention to detail",NA,FALSE
"766523","Acme Store Director-Philadelphia, PA","Management","Attention to detail",NA,FALSE
"W732500","Deli Clerk","Food / beverage","Food preparation",NA,FALSE
"753555","Fresh Cut Produce Clerk","Food / beverage","Food preparation","food prep experience",TRUE
"753578","Front End Entry Level","Front end","Food preparation",NA,FALSE
"755785","Frozen Food Supervisor-Philadelphia, PA","Management","Food preparation",NA,FALSE
"753573","Retail Sales and Store Support","Stocking / store support","Food preparation",NA,FALSE
"753572","Deli Clerk","Food / beverage","Food preparation",NA,FALSE
"753576","Night Crew Stocker","Stocking / store support","Food preparation",NA,FALSE
"W734814","In-Store Shopper","Online order picking","Food preparation",NA,FALSE
"W738193","Night Crew Stocker","Stocking / store support","Food preparation",NA,FALSE
"766162","Beverage Steward","Food / beverage","Food preparation",NA,FALSE
"766163","Fresh Cut Produce Clerk","Food / beverage","Food preparation","food prep experience",TRUE
"767831","Baker","Food / beverage","Food preparation",NA,FALSE
"W737518","Front End Entry Level","Front end","Food preparation",NA,FALSE
"W738715","Acme Assistant Store Director-Philadelphia, PA","Management","Food preparation",NA,FALSE
"757784","Night Crew Stocker","Stocking / store support","Food preparation",NA,FALSE
"757982","In-Store Shopper","Online order picking","Food preparation",NA,FALSE
"757971","Meat - Seafood Clerk","Food / beverage","Food preparation",NA,FALSE
"757978","Deli Clerk","Food / beverage","Food preparation",NA,FALSE
"757992","Starbucks Barista","Food / beverage","Food preparation",NA,FALSE
"757997","Fresh Cut Produce Clerk","Food / beverage","Food preparation","food prep experience",TRUE
"757996","Front End Entry Level","Front end","Food preparation",NA,FALSE
"757989","Night Crew Stocker","Stocking / store support","Food preparation",NA,FALSE
"768747","Deli Clerk","Food / beverage","Food preparation","food preparation skills",TRUE
"759503","In-Store Shopper","Online order picking","Food preparation",NA,FALSE
"759516","Dairy Clerk","Food / beverage","Food preparation",NA,FALSE
"759654","Deli Clerk","Food / beverage","Food preparation",NA,FALSE
"759510","Meat - Seafood Clerk","Food / beverage","Food preparation",NA,FALSE
"759538","Front End Entry Level","Front end","Food preparation",NA,FALSE
"759529","Fresh Cut Produce Clerk","Food / beverage","Food preparation","food prep experience",TRUE
"758001","Fresh Cut Produce Clerk","Food / beverage","Food preparation","food prep experience",TRUE
"765325","Deli Clerk","Food / beverage","Food preparation",NA,FALSE
"767314","Pharmacy Technician","Pharmacy","Food preparation",NA,FALSE
"767868","Night Crew Stocker","Stocking / store support","Food preparation",NA,FALSE
"766203","Deli Clerk","Food / beverage","Food preparation","food preparation skills",TRUE
"W738195","Deli Associate","Food / beverage","Food preparation",NA,FALSE
"762291","Night Crew Stocker","Stocking / store support","Food preparation",NA,FALSE
"W733404","In-Store Shopper","Online order picking","Food preparation",NA,FALSE
"W736204","Deli Clerk","Food / beverage","Food preparation",NA,FALSE
"759853","Front End Entry Level","Front end","Food preparation",NA,FALSE
"768625","Fresh Cut Produce Clerk","Food / beverage","Food preparation","food prep experience",TRUE
"766339","In-Store Shopper","Online order picking","Food preparation",NA,FALSE
"745976","Deli Clerk","Food / beverage","Food preparation",NA,FALSE
"765186","Asst. Deli Manager-Philadelphia, PA","Management","Food preparation","deli production",TRUE
"W734681","Deli Clerk","Food / beverage","Food preparation",NA,FALSE
"W734688","Front End Entry Level","Front end","Food preparation",NA,FALSE
"748505","Fresh Cut Produce Clerk","Food / beverage","Food preparation","food prep experience",TRUE
"748705","Meat - Seafood Clerk","Food / beverage","Food preparation",NA,FALSE
"766315","Front End Entry Level","Front end","Food preparation",NA,FALSE
"766313","Bakery Clerk","Food / beverage","Food preparation",NA,FALSE
"W733472","Front End Entry Level","Front end","Food preparation",NA,FALSE
"761686","Cake Decorator","Food / beverage","Food preparation",NA,FALSE
"748367","Customer Service Clerk","Front end","Food preparation",NA,FALSE
"753353","Bakery Clerk","Food / beverage","Food preparation",NA,FALSE
"W742507","Front End Entry Level","Front end","Food preparation",NA,FALSE
"766268","In-Store Shopper","Online order picking","Food preparation",NA,FALSE
"765920","Customer Service Clerk","Front end","Food preparation",NA,FALSE
"765005","Night Crew Stocker","Stocking / store support","Food preparation",NA,FALSE
"765009","Front End Entry Level","Front end","Food preparation",NA,FALSE
"763037","Deli Clerk","Food / beverage","Food preparation",NA,FALSE
"763036","Fresh Cut Produce Clerk","Food / beverage","Food preparation","food prep experience",TRUE
"763046","Front End Entry Level","Front end","Food preparation",NA,FALSE
"763040","In-Store Shopper","Online order picking","Food preparation",NA,FALSE
"759822","Pharmacy Manager (Pharmacist)","Pharmacy","Food preparation",NA,FALSE
"W743851","Deli Clerk","Food / beverage","Food preparation",NA,FALSE
"W731273","Front End Entry Level","Front end","Food preparation",NA,FALSE
"757415","Fresh Cut Produce Clerk","Food / beverage","Food preparation","food prep experience",TRUE
"759149","Meat - Seafood Clerk","Food / beverage","Food preparation",NA,FALSE
"758601","Front End Entry Level","Front end","Food preparation",NA,FALSE
"W743965","Baker","Food / beverage","Food preparation",NA,FALSE
"762779","Deli Clerk","Food / beverage","Food preparation",NA,FALSE
"765425","Front End Entry Level","Front end","Food preparation",NA,FALSE
"W735295","Deli Clerk","Food / beverage","Food preparation",NA,FALSE
"W735293","Front End Entry Level","Front end","Food preparation",NA,FALSE
"755786","Acme Assistant Store Director- Philadelphia, PA","Management","Food preparation",NA,FALSE
"763018","Fresh Cut Produce Clerk","Food / beverage","Food preparation","food prep experience",TRUE
"760931","Front End Entry Level","Front end","Food preparation",NA,FALSE
"757849","Deli Clerk","Food / beverage","Food preparation",NA,FALSE
"W739803","In-Store Shopper","Online order picking","Food preparation",NA,FALSE
"W735815","Fresh Cut Produce Clerk","Food / beverage","Food preparation","food prep experience",TRUE
"759382","Meat - Seafood Clerk","Food / beverage","Food preparation",NA,FALSE
"W735799","Front End Entry Level","Front end","Food preparation",NA,FALSE
"764996","Deli Clerk","Food / beverage","Food preparation",NA,FALSE
"764995","Front End Entry Level","Front end","Food preparation",NA,FALSE
"753190","Deli Clerk","Food / beverage","Food preparation",NA,FALSE
"768701","Night Crew Stocker","Stocking / store support","Food preparation",NA,FALSE
"753199","Retail Sales and Store Support","Stocking / store support","Food preparation",NA,FALSE
"763488","In-Store Shopper","Online order picking","Food preparation",NA,FALSE
"766813","2027 Pharmacy Graduate Intern-ACME","Pharmacy","Food preparation",NA,FALSE
"768334","Fresh Cut Produce Clerk","Food / beverage","Food preparation","food prep experience",TRUE
"768338","Deli Clerk","Food / beverage","Food preparation","food preparation skills",TRUE
"768341","Front End Entry Level","Front end","Food preparation",NA,FALSE
"W737276","Front End Entry Level","Front end","Food preparation",NA,FALSE
"W736222","Deli Clerk","Food / beverage","Food preparation",NA,FALSE
"W743435","Meat - Seafood Clerk","Food / beverage","Food preparation",NA,FALSE
"W743441","Fresh Cut Produce Clerk","Food / beverage","Food preparation","food prep experience",TRUE
"W743429","Bakery Clerk","Food / beverage","Food preparation",NA,FALSE
"W743406","Front End Entry Level","Front end","Food preparation",NA,FALSE
"758298","Deli Clerk","Food / beverage","Food preparation",NA,FALSE
"W743421","In-Store Shopper","Online order picking","Food preparation",NA,FALSE
"759190","Customer Service Clerk","Front end","Food preparation",NA,FALSE
"759196","Meat - Seafood Clerk","Food / beverage","Food preparation",NA,FALSE
"759199","Retail Sales and Store Support","Stocking / store support","Food preparation",NA,FALSE
"755616","Bakery Clerk","Food / beverage","Food preparation",NA,FALSE
"752098","Front End Entry Level","Front end","Food preparation",NA,FALSE
"765035","Fresh Cut Produce Clerk","Food / beverage","Food preparation","food prep experience",TRUE
"766712","Front End Entry Level","Front end","Food preparation",NA,FALSE
"746292","Deli Clerk","Food / beverage","Food preparation",NA,FALSE
"753392","Bakery Clerk","Food / beverage","Food preparation",NA,FALSE
"749616","In-Store Shopper","Online order picking","Food preparation",NA,FALSE
"748847","Deli Clerk","Food / beverage","Food preparation",NA,FALSE
"749698","Deli Clerk","Food / beverage","Food preparation",NA,FALSE
"749726","Front End Entry Level","Front end","Food preparation",NA,FALSE
"758881","Deli Clerk","Food / beverage","Food preparation",NA,FALSE
"758887","Cake Decorator","Food / beverage","Food preparation",NA,FALSE
"W736459","Front End Entry Level","Front end","Food preparation",NA,FALSE
"W734472","Acme Store Director-Philadelphia, PA","Management","Food preparation",NA,FALSE
"W738695","Refrigeration Technician - Philadelphia, Chester, Delaware Counties","Maintenance","Food preparation",NA,FALSE
"766523","Acme Store Director-Philadelphia, PA","Management","Food preparation",NA,FALSE
"W732500","Deli Clerk","Food / beverage","Food safety / sanitation",NA,FALSE
"753555","Fresh Cut Produce Clerk","Food / beverage","Food safety / sanitation","food safety",TRUE
"753578","Front End Entry Level","Front end","Food safety / sanitation",NA,FALSE
"755785","Frozen Food Supervisor-Philadelphia, PA","Management","Food safety / sanitation",NA,FALSE
"753573","Retail Sales and Store Support","Stocking / store support","Food safety / sanitation",NA,FALSE
"753572","Deli Clerk","Food / beverage","Food safety / sanitation",NA,FALSE
"753576","Night Crew Stocker","Stocking / store support","Food safety / sanitation",NA,FALSE
"W734814","In-Store Shopper","Online order picking","Food safety / sanitation",NA,FALSE
"W738193","Night Crew Stocker","Stocking / store support","Food safety / sanitation",NA,FALSE
"766162","Beverage Steward","Food / beverage","Food safety / sanitation",NA,FALSE
"766163","Fresh Cut Produce Clerk","Food / beverage","Food safety / sanitation","food safety",TRUE
"767831","Baker","Food / beverage","Food safety / sanitation","food safety",TRUE
"W737518","Front End Entry Level","Front end","Food safety / sanitation",NA,FALSE
"W738715","Acme Assistant Store Director-Philadelphia, PA","Management","Food safety / sanitation",NA,FALSE
"757784","Night Crew Stocker","Stocking / store support","Food safety / sanitation",NA,FALSE
"757982","In-Store Shopper","Online order picking","Food safety / sanitation",NA,FALSE
"757971","Meat - Seafood Clerk","Food / beverage","Food safety / sanitation",NA,FALSE
"757978","Deli Clerk","Food / beverage","Food safety / sanitation",NA,FALSE
"757992","Starbucks Barista","Food / beverage","Food safety / sanitation",NA,FALSE
"757997","Fresh Cut Produce Clerk","Food / beverage","Food safety / sanitation","food safety",TRUE
"757996","Front End Entry Level","Front end","Food safety / sanitation",NA,FALSE
"757989","Night Crew Stocker","Stocking / store support","Food safety / sanitation",NA,FALSE
"768747","Deli Clerk","Food / beverage","Food safety / sanitation","food safety",TRUE
"759503","In-Store Shopper","Online order picking","Food safety / sanitation",NA,FALSE
"759516","Dairy Clerk","Food / beverage","Food safety / sanitation","food safety",TRUE
"759654","Deli Clerk","Food / beverage","Food safety / sanitation",NA,FALSE
"759510","Meat - Seafood Clerk","Food / beverage","Food safety / sanitation",NA,FALSE
"759538","Front End Entry Level","Front end","Food safety / sanitation",NA,FALSE
"759529","Fresh Cut Produce Clerk","Food / beverage","Food safety / sanitation","food safety",TRUE
"758001","Fresh Cut Produce Clerk","Food / beverage","Food safety / sanitation","food safety",TRUE
"765325","Deli Clerk","Food / beverage","Food safety / sanitation",NA,FALSE
"767314","Pharmacy Technician","Pharmacy","Food safety / sanitation",NA,FALSE
"767868","Night Crew Stocker","Stocking / store support","Food safety / sanitation","sanitation",TRUE
"766203","Deli Clerk","Food / beverage","Food safety / sanitation","food safety",TRUE
"W738195","Deli Associate","Food / beverage","Food safety / sanitation",NA,FALSE
"762291","Night Crew Stocker","Stocking / store support","Food safety / sanitation",NA,FALSE
"W733404","In-Store Shopper","Online order picking","Food safety / sanitation",NA,FALSE
"W736204","Deli Clerk","Food / beverage","Food safety / sanitation",NA,FALSE
"759853","Front End Entry Level","Front end","Food safety / sanitation",NA,FALSE
"768625","Fresh Cut Produce Clerk","Food / beverage","Food safety / sanitation","food safety",TRUE
"766339","In-Store Shopper","Online order picking","Food safety / sanitation","sanitation",TRUE
"745976","Deli Clerk","Food / beverage","Food safety / sanitation",NA,FALSE
"765186","Asst. Deli Manager-Philadelphia, PA","Management","Food safety / sanitation","food handling",TRUE
"W734681","Deli Clerk","Food / beverage","Food safety / sanitation",NA,FALSE
"W734688","Front End Entry Level","Front end","Food safety / sanitation",NA,FALSE
"748505","Fresh Cut Produce Clerk","Food / beverage","Food safety / sanitation","food safety",TRUE
"748705","Meat - Seafood Clerk","Food / beverage","Food safety / sanitation",NA,FALSE
"766315","Front End Entry Level","Front end","Food safety / sanitation",NA,FALSE
"766313","Bakery Clerk","Food / beverage","Food safety / sanitation",NA,FALSE
"W733472","Front End Entry Level","Front end","Food safety / sanitation",NA,FALSE
"761686","Cake Decorator","Food / beverage","Food safety / sanitation",NA,FALSE
"748367","Customer Service Clerk","Front end","Food safety / sanitation",NA,FALSE
"753353","Bakery Clerk","Food / beverage","Food safety / sanitation",NA,FALSE
"W742507","Front End Entry Level","Front end","Food safety / sanitation",NA,FALSE
"766268","In-Store Shopper","Online order picking","Food safety / sanitation","sanitation",TRUE
"765920","Customer Service Clerk","Front end","Food safety / sanitation",NA,FALSE
"765005","Night Crew Stocker","Stocking / store support","Food safety / sanitation",NA,FALSE
"765009","Front End Entry Level","Front end","Food safety / sanitation",NA,FALSE
"763037","Deli Clerk","Food / beverage","Food safety / sanitation",NA,FALSE
"763036","Fresh Cut Produce Clerk","Food / beverage","Food safety / sanitation","food safety",TRUE
"763046","Front End Entry Level","Front end","Food safety / sanitation",NA,FALSE
"763040","In-Store Shopper","Online order picking","Food safety / sanitation",NA,FALSE
"759822","Pharmacy Manager (Pharmacist)","Pharmacy","Food safety / sanitation",NA,FALSE
"W743851","Deli Clerk","Food / beverage","Food safety / sanitation",NA,FALSE
"W731273","Front End Entry Level","Front end","Food safety / sanitation",NA,FALSE
"757415","Fresh Cut Produce Clerk","Food / beverage","Food safety / sanitation","food safety",TRUE
"759149","Meat - Seafood Clerk","Food / beverage","Food safety / sanitation",NA,FALSE
"758601","Front End Entry Level","Front end","Food safety / sanitation",NA,FALSE
"W743965","Baker","Food / beverage","Food safety / sanitation",NA,FALSE
"762779","Deli Clerk","Food / beverage","Food safety / sanitation",NA,FALSE
"765425","Front End Entry Level","Front end","Food safety / sanitation",NA,FALSE
"W735295","Deli Clerk","Food / beverage","Food safety / sanitation",NA,FALSE
"W735293","Front End Entry Level","Front end","Food safety / sanitation",NA,FALSE
"755786","Acme Assistant Store Director- Philadelphia, PA","Management","Food safety / sanitation",NA,FALSE
"763018","Fresh Cut Produce Clerk","Food / beverage","Food safety / sanitation","food safety",TRUE
"760931","Front End Entry Level","Front end","Food safety / sanitation",NA,FALSE
"757849","Deli Clerk","Food / beverage","Food safety / sanitation",NA,FALSE
"W739803","In-Store Shopper","Online order picking","Food safety / sanitation",NA,FALSE
"W735815","Fresh Cut Produce Clerk","Food / beverage","Food safety / sanitation","food safety",TRUE
"759382","Meat - Seafood Clerk","Food / beverage","Food safety / sanitation",NA,FALSE
"W735799","Front End Entry Level","Front end","Food safety / sanitation",NA,FALSE
"764996","Deli Clerk","Food / beverage","Food safety / sanitation",NA,FALSE
"764995","Front End Entry Level","Front end","Food safety / sanitation",NA,FALSE
"753190","Deli Clerk","Food / beverage","Food safety / sanitation",NA,FALSE
"768701","Night Crew Stocker","Stocking / store support","Food safety / sanitation","sanitation",TRUE
"753199","Retail Sales and Store Support","Stocking / store support","Food safety / sanitation",NA,FALSE
"763488","In-Store Shopper","Online order picking","Food safety / sanitation",NA,FALSE
"766813","2027 Pharmacy Graduate Intern-ACME","Pharmacy","Food safety / sanitation",NA,FALSE
"768334","Fresh Cut Produce Clerk","Food / beverage","Food safety / sanitation","food safety",TRUE
"768338","Deli Clerk","Food / beverage","Food safety / sanitation","food safety",TRUE
"768341","Front End Entry Level","Front end","Food safety / sanitation",NA,FALSE
"W737276","Front End Entry Level","Front end","Food safety / sanitation",NA,FALSE
"W736222","Deli Clerk","Food / beverage","Food safety / sanitation",NA,FALSE
"W743435","Meat - Seafood Clerk","Food / beverage","Food safety / sanitation",NA,FALSE
"W743441","Fresh Cut Produce Clerk","Food / beverage","Food safety / sanitation","food safety",TRUE
"W743429","Bakery Clerk","Food / beverage","Food safety / sanitation",NA,FALSE
"W743406","Front End Entry Level","Front end","Food safety / sanitation",NA,FALSE
"758298","Deli Clerk","Food / beverage","Food safety / sanitation",NA,FALSE
"W743421","In-Store Shopper","Online order picking","Food safety / sanitation",NA,FALSE
"759190","Customer Service Clerk","Front end","Food safety / sanitation",NA,FALSE
"759196","Meat - Seafood Clerk","Food / beverage","Food safety / sanitation",NA,FALSE
"759199","Retail Sales and Store Support","Stocking / store support","Food safety / sanitation",NA,FALSE
"755616","Bakery Clerk","Food / beverage","Food safety / sanitation",NA,FALSE
"752098","Front End Entry Level","Front end","Food safety / sanitation",NA,FALSE
"765035","Fresh Cut Produce Clerk","Food / beverage","Food safety / sanitation","food safety",TRUE
"766712","Front End Entry Level","Front end","Food safety / sanitation",NA,FALSE
"746292","Deli Clerk","Food / beverage","Food safety / sanitation",NA,FALSE
"753392","Bakery Clerk","Food / beverage","Food safety / sanitation",NA,FALSE
"749616","In-Store Shopper","Online order picking","Food safety / sanitation",NA,FALSE
"748847","Deli Clerk","Food / beverage","Food safety / sanitation",NA,FALSE
"749698","Deli Clerk","Food / beverage","Food safety / sanitation",NA,FALSE
"749726","Front End Entry Level","Front end","Food safety / sanitation",NA,FALSE
"758881","Deli Clerk","Food / beverage","Food safety / sanitation",NA,FALSE
"758887","Cake Decorator","Food / beverage","Food safety / sanitation",NA,FALSE
"W736459","Front End Entry Level","Front end","Food safety / sanitation",NA,FALSE
"W734472","Acme Store Director-Philadelphia, PA","Management","Food safety / sanitation",NA,FALSE
"W738695","Refrigeration Technician - Philadelphia, Chester, Delaware Counties","Maintenance","Food safety / sanitation",NA,FALSE
"766523","Acme Store Director-Philadelphia, PA","Management","Food safety / sanitation",NA,FALSE
"W732500","Deli Clerk","Food / beverage","Digital tools",NA,FALSE
"753555","Fresh Cut Produce Clerk","Food / beverage","Digital tools",NA,FALSE
"753578","Front End Entry Level","Front end","Digital tools",NA,FALSE
"755785","Frozen Food Supervisor-Philadelphia, PA","Management","Digital tools","computer",TRUE
"753573","Retail Sales and Store Support","Stocking / store support","Digital tools",NA,FALSE
"753572","Deli Clerk","Food / beverage","Digital tools",NA,FALSE
"753576","Night Crew Stocker","Stocking / store support","Digital tools",NA,FALSE
"W734814","In-Store Shopper","Online order picking","Digital tools",NA,FALSE
"W738193","Night Crew Stocker","Stocking / store support","Digital tools",NA,FALSE
"766162","Beverage Steward","Food / beverage","Digital tools",NA,FALSE
"766163","Fresh Cut Produce Clerk","Food / beverage","Digital tools",NA,FALSE
"767831","Baker","Food / beverage","Digital tools",NA,FALSE
"W737518","Front End Entry Level","Front end","Digital tools",NA,FALSE
"W738715","Acme Assistant Store Director-Philadelphia, PA","Management","Digital tools",NA,FALSE
"757784","Night Crew Stocker","Stocking / store support","Digital tools",NA,FALSE
"757982","In-Store Shopper","Online order picking","Digital tools",NA,FALSE
"757971","Meat - Seafood Clerk","Food / beverage","Digital tools",NA,FALSE
"757978","Deli Clerk","Food / beverage","Digital tools",NA,FALSE
"757992","Starbucks Barista","Food / beverage","Digital tools",NA,FALSE
"757997","Fresh Cut Produce Clerk","Food / beverage","Digital tools",NA,FALSE
"757996","Front End Entry Level","Front end","Digital tools",NA,FALSE
"757989","Night Crew Stocker","Stocking / store support","Digital tools",NA,FALSE
"768747","Deli Clerk","Food / beverage","Digital tools",NA,FALSE
"759503","In-Store Shopper","Online order picking","Digital tools",NA,FALSE
"759516","Dairy Clerk","Food / beverage","Digital tools","handheld",TRUE
"759654","Deli Clerk","Food / beverage","Digital tools",NA,FALSE
"759510","Meat - Seafood Clerk","Food / beverage","Digital tools",NA,FALSE
"759538","Front End Entry Level","Front end","Digital tools",NA,FALSE
"759529","Fresh Cut Produce Clerk","Food / beverage","Digital tools",NA,FALSE
"758001","Fresh Cut Produce Clerk","Food / beverage","Digital tools",NA,FALSE
"765325","Deli Clerk","Food / beverage","Digital tools",NA,FALSE
"767314","Pharmacy Technician","Pharmacy","Digital tools","computer",TRUE
"767868","Night Crew Stocker","Stocking / store support","Digital tools",NA,FALSE
"766203","Deli Clerk","Food / beverage","Digital tools",NA,FALSE
"W738195","Deli Associate","Food / beverage","Digital tools",NA,FALSE
"762291","Night Crew Stocker","Stocking / store support","Digital tools",NA,FALSE
"W733404","In-Store Shopper","Online order picking","Digital tools",NA,FALSE
"W736204","Deli Clerk","Food / beverage","Digital tools",NA,FALSE
"759853","Front End Entry Level","Front end","Digital tools",NA,FALSE
"768625","Fresh Cut Produce Clerk","Food / beverage","Digital tools",NA,FALSE
"766339","In-Store Shopper","Online order picking","Digital tools","technology use",TRUE
"745976","Deli Clerk","Food / beverage","Digital tools",NA,FALSE
"765186","Asst. Deli Manager-Philadelphia, PA","Management","Digital tools","store systems",TRUE
"W734681","Deli Clerk","Food / beverage","Digital tools",NA,FALSE
"W734688","Front End Entry Level","Front end","Digital tools",NA,FALSE
"748505","Fresh Cut Produce Clerk","Food / beverage","Digital tools",NA,FALSE
"748705","Meat - Seafood Clerk","Food / beverage","Digital tools",NA,FALSE
"766315","Front End Entry Level","Front end","Digital tools",NA,FALSE
"766313","Bakery Clerk","Food / beverage","Digital tools",NA,FALSE
"W733472","Front End Entry Level","Front end","Digital tools",NA,FALSE
"761686","Cake Decorator","Food / beverage","Digital tools",NA,FALSE
"748367","Customer Service Clerk","Front end","Digital tools",NA,FALSE
"753353","Bakery Clerk","Food / beverage","Digital tools",NA,FALSE
"W742507","Front End Entry Level","Front end","Digital tools",NA,FALSE
"766268","In-Store Shopper","Online order picking","Digital tools","technology use",TRUE
"765920","Customer Service Clerk","Front end","Digital tools",NA,FALSE
"765005","Night Crew Stocker","Stocking / store support","Digital tools",NA,FALSE
"765009","Front End Entry Level","Front end","Digital tools",NA,FALSE
"763037","Deli Clerk","Food / beverage","Digital tools",NA,FALSE
"763036","Fresh Cut Produce Clerk","Food / beverage","Digital tools",NA,FALSE
"763046","Front End Entry Level","Front end","Digital tools",NA,FALSE
"763040","In-Store Shopper","Online order picking","Digital tools",NA,FALSE
"759822","Pharmacy Manager (Pharmacist)","Pharmacy","Digital tools",NA,FALSE
"W743851","Deli Clerk","Food / beverage","Digital tools",NA,FALSE
"W731273","Front End Entry Level","Front end","Digital tools",NA,FALSE
"757415","Fresh Cut Produce Clerk","Food / beverage","Digital tools",NA,FALSE
"759149","Meat - Seafood Clerk","Food / beverage","Digital tools",NA,FALSE
"758601","Front End Entry Level","Front end","Digital tools",NA,FALSE
"W743965","Baker","Food / beverage","Digital tools",NA,FALSE
"762779","Deli Clerk","Food / beverage","Digital tools",NA,FALSE
"765425","Front End Entry Level","Front end","Digital tools",NA,FALSE
"W735295","Deli Clerk","Food / beverage","Digital tools",NA,FALSE
"W735293","Front End Entry Level","Front end","Digital tools",NA,FALSE
"755786","Acme Assistant Store Director- Philadelphia, PA","Management","Digital tools",NA,FALSE
"763018","Fresh Cut Produce Clerk","Food / beverage","Digital tools",NA,FALSE
"760931","Front End Entry Level","Front end","Digital tools",NA,FALSE
"757849","Deli Clerk","Food / beverage","Digital tools",NA,FALSE
"W739803","In-Store Shopper","Online order picking","Digital tools",NA,FALSE
"W735815","Fresh Cut Produce Clerk","Food / beverage","Digital tools",NA,FALSE
"759382","Meat - Seafood Clerk","Food / beverage","Digital tools",NA,FALSE
"W735799","Front End Entry Level","Front end","Digital tools",NA,FALSE
"764996","Deli Clerk","Food / beverage","Digital tools",NA,FALSE
"764995","Front End Entry Level","Front end","Digital tools",NA,FALSE
"753190","Deli Clerk","Food / beverage","Digital tools",NA,FALSE
"768701","Night Crew Stocker","Stocking / store support","Digital tools",NA,FALSE
"753199","Retail Sales and Store Support","Stocking / store support","Digital tools",NA,FALSE
"763488","In-Store Shopper","Online order picking","Digital tools",NA,FALSE
"766813","2027 Pharmacy Graduate Intern-ACME","Pharmacy","Digital tools",NA,FALSE
"768334","Fresh Cut Produce Clerk","Food / beverage","Digital tools",NA,FALSE
"768338","Deli Clerk","Food / beverage","Digital tools",NA,FALSE
"768341","Front End Entry Level","Front end","Digital tools",NA,FALSE
"W737276","Front End Entry Level","Front end","Digital tools",NA,FALSE
"W736222","Deli Clerk","Food / beverage","Digital tools",NA,FALSE
"W743435","Meat - Seafood Clerk","Food / beverage","Digital tools",NA,FALSE
"W743441","Fresh Cut Produce Clerk","Food / beverage","Digital tools",NA,FALSE
"W743429","Bakery Clerk","Food / beverage","Digital tools",NA,FALSE
"W743406","Front End Entry Level","Front end","Digital tools",NA,FALSE
"758298","Deli Clerk","Food / beverage","Digital tools",NA,FALSE
"W743421","In-Store Shopper","Online order picking","Digital tools",NA,FALSE
"759190","Customer Service Clerk","Front end","Digital tools",NA,FALSE
"759196","Meat - Seafood Clerk","Food / beverage","Digital tools",NA,FALSE
"759199","Retail Sales and Store Support","Stocking / store support","Digital tools",NA,FALSE
"755616","Bakery Clerk","Food / beverage","Digital tools",NA,FALSE
"752098","Front End Entry Level","Front end","Digital tools",NA,FALSE
"765035","Fresh Cut Produce Clerk","Food / beverage","Digital tools",NA,FALSE
"766712","Front End Entry Level","Front end","Digital tools",NA,FALSE
"746292","Deli Clerk","Food / beverage","Digital tools",NA,FALSE
"753392","Bakery Clerk","Food / beverage","Digital tools",NA,FALSE
"749616","In-Store Shopper","Online order picking","Digital tools",NA,FALSE
"748847","Deli Clerk","Food / beverage","Digital tools",NA,FALSE
"749698","Deli Clerk","Food / beverage","Digital tools",NA,FALSE
"749726","Front End Entry Level","Front end","Digital tools",NA,FALSE
"758881","Deli Clerk","Food / beverage","Digital tools",NA,FALSE
"758887","Cake Decorator","Food / beverage","Digital tools",NA,FALSE
"W736459","Front End Entry Level","Front end","Digital tools",NA,FALSE
"W734472","Acme Store Director-Philadelphia, PA","Management","Digital tools","workforce management tools",TRUE
"W738695","Refrigeration Technician - Philadelphia, Chester, Delaware Counties","Maintenance","Digital tools",NA,FALSE
"766523","Acme Store Director-Philadelphia, PA","Management","Digital tools","workforce management tools",TRUE
"W732500","Deli Clerk","Food / beverage","Inventory / merchandising",NA,FALSE
"753555","Fresh Cut Produce Clerk","Food / beverage","Inventory / merchandising",NA,FALSE
"753578","Front End Entry Level","Front end","Inventory / merchandising",NA,FALSE
"755785","Frozen Food Supervisor-Philadelphia, PA","Management","Inventory / merchandising",NA,FALSE
"753573","Retail Sales and Store Support","Stocking / store support","Inventory / merchandising",NA,FALSE
"753572","Deli Clerk","Food / beverage","Inventory / merchandising",NA,FALSE
"753576","Night Crew Stocker","Stocking / store support","Inventory / merchandising",NA,FALSE
"W734814","In-Store Shopper","Online order picking","Inventory / merchandising",NA,FALSE
"W738193","Night Crew Stocker","Stocking / store support","Inventory / merchandising",NA,FALSE
"766162","Beverage Steward","Food / beverage","Inventory / merchandising","inventory",TRUE
"766163","Fresh Cut Produce Clerk","Food / beverage","Inventory / merchandising",NA,FALSE
"767831","Baker","Food / beverage","Inventory / merchandising",NA,FALSE
"W737518","Front End Entry Level","Front end","Inventory / merchandising",NA,FALSE
"W738715","Acme Assistant Store Director-Philadelphia, PA","Management","Inventory / merchandising","inventory",TRUE
"757784","Night Crew Stocker","Stocking / store support","Inventory / merchandising",NA,FALSE
"757982","In-Store Shopper","Online order picking","Inventory / merchandising",NA,FALSE
"757971","Meat - Seafood Clerk","Food / beverage","Inventory / merchandising",NA,FALSE
"757978","Deli Clerk","Food / beverage","Inventory / merchandising",NA,FALSE
"757992","Starbucks Barista","Food / beverage","Inventory / merchandising",NA,FALSE
"757997","Fresh Cut Produce Clerk","Food / beverage","Inventory / merchandising",NA,FALSE
"757996","Front End Entry Level","Front end","Inventory / merchandising",NA,FALSE
"757989","Night Crew Stocker","Stocking / store support","Inventory / merchandising",NA,FALSE
"768747","Deli Clerk","Food / beverage","Inventory / merchandising","merchandising",TRUE
"759503","In-Store Shopper","Online order picking","Inventory / merchandising",NA,FALSE
"759516","Dairy Clerk","Food / beverage","Inventory / merchandising","inventory",TRUE
"759654","Deli Clerk","Food / beverage","Inventory / merchandising",NA,FALSE
"759510","Meat - Seafood Clerk","Food / beverage","Inventory / merchandising",NA,FALSE
"759538","Front End Entry Level","Front end","Inventory / merchandising",NA,FALSE
"759529","Fresh Cut Produce Clerk","Food / beverage","Inventory / merchandising",NA,FALSE
"758001","Fresh Cut Produce Clerk","Food / beverage","Inventory / merchandising",NA,FALSE
"765325","Deli Clerk","Food / beverage","Inventory / merchandising",NA,FALSE
"767314","Pharmacy Technician","Pharmacy","Inventory / merchandising",NA,FALSE
"767868","Night Crew Stocker","Stocking / store support","Inventory / merchandising","stocking",TRUE
"766203","Deli Clerk","Food / beverage","Inventory / merchandising","merchandising",TRUE
"W738195","Deli Associate","Food / beverage","Inventory / merchandising",NA,FALSE
"762291","Night Crew Stocker","Stocking / store support","Inventory / merchandising",NA,FALSE
"W733404","In-Store Shopper","Online order picking","Inventory / merchandising",NA,FALSE
"W736204","Deli Clerk","Food / beverage","Inventory / merchandising",NA,FALSE
"759853","Front End Entry Level","Front end","Inventory / merchandising",NA,FALSE
"768625","Fresh Cut Produce Clerk","Food / beverage","Inventory / merchandising",NA,FALSE
"766339","In-Store Shopper","Online order picking","Inventory / merchandising",NA,FALSE
"745976","Deli Clerk","Food / beverage","Inventory / merchandising",NA,FALSE
"765186","Asst. Deli Manager-Philadelphia, PA","Management","Inventory / merchandising","merchandising",TRUE
"W734681","Deli Clerk","Food / beverage","Inventory / merchandising",NA,FALSE
"W734688","Front End Entry Level","Front end","Inventory / merchandising",NA,FALSE
"748505","Fresh Cut Produce Clerk","Food / beverage","Inventory / merchandising",NA,FALSE
"748705","Meat - Seafood Clerk","Food / beverage","Inventory / merchandising",NA,FALSE
"766315","Front End Entry Level","Front end","Inventory / merchandising","stocking",TRUE
"766313","Bakery Clerk","Food / beverage","Inventory / merchandising",NA,FALSE
"W733472","Front End Entry Level","Front end","Inventory / merchandising",NA,FALSE
"761686","Cake Decorator","Food / beverage","Inventory / merchandising",NA,FALSE
"748367","Customer Service Clerk","Front end","Inventory / merchandising",NA,FALSE
"753353","Bakery Clerk","Food / beverage","Inventory / merchandising",NA,FALSE
"W742507","Front End Entry Level","Front end","Inventory / merchandising",NA,FALSE
"766268","In-Store Shopper","Online order picking","Inventory / merchandising",NA,FALSE
"765920","Customer Service Clerk","Front end","Inventory / merchandising",NA,FALSE
"765005","Night Crew Stocker","Stocking / store support","Inventory / merchandising",NA,FALSE
"765009","Front End Entry Level","Front end","Inventory / merchandising",NA,FALSE
"763037","Deli Clerk","Food / beverage","Inventory / merchandising",NA,FALSE
"763036","Fresh Cut Produce Clerk","Food / beverage","Inventory / merchandising",NA,FALSE
"763046","Front End Entry Level","Front end","Inventory / merchandising",NA,FALSE
"763040","In-Store Shopper","Online order picking","Inventory / merchandising",NA,FALSE
"759822","Pharmacy Manager (Pharmacist)","Pharmacy","Inventory / merchandising",NA,FALSE
"W743851","Deli Clerk","Food / beverage","Inventory / merchandising",NA,FALSE
"W731273","Front End Entry Level","Front end","Inventory / merchandising",NA,FALSE
"757415","Fresh Cut Produce Clerk","Food / beverage","Inventory / merchandising",NA,FALSE
"759149","Meat - Seafood Clerk","Food / beverage","Inventory / merchandising",NA,FALSE
"758601","Front End Entry Level","Front end","Inventory / merchandising",NA,FALSE
"W743965","Baker","Food / beverage","Inventory / merchandising",NA,FALSE
"762779","Deli Clerk","Food / beverage","Inventory / merchandising",NA,FALSE
"765425","Front End Entry Level","Front end","Inventory / merchandising",NA,FALSE
"W735295","Deli Clerk","Food / beverage","Inventory / merchandising",NA,FALSE
"W735293","Front End Entry Level","Front end","Inventory / merchandising",NA,FALSE
"755786","Acme Assistant Store Director- Philadelphia, PA","Management","Inventory / merchandising","inventory",TRUE
"763018","Fresh Cut Produce Clerk","Food / beverage","Inventory / merchandising",NA,FALSE
"760931","Front End Entry Level","Front end","Inventory / merchandising",NA,FALSE
"757849","Deli Clerk","Food / beverage","Inventory / merchandising",NA,FALSE
"W739803","In-Store Shopper","Online order picking","Inventory / merchandising",NA,FALSE
"W735815","Fresh Cut Produce Clerk","Food / beverage","Inventory / merchandising",NA,FALSE
"759382","Meat - Seafood Clerk","Food / beverage","Inventory / merchandising",NA,FALSE
"W735799","Front End Entry Level","Front end","Inventory / merchandising",NA,FALSE
"764996","Deli Clerk","Food / beverage","Inventory / merchandising",NA,FALSE
"764995","Front End Entry Level","Front end","Inventory / merchandising",NA,FALSE
"753190","Deli Clerk","Food / beverage","Inventory / merchandising",NA,FALSE
"768701","Night Crew Stocker","Stocking / store support","Inventory / merchandising","stocking",TRUE
"753199","Retail Sales and Store Support","Stocking / store support","Inventory / merchandising",NA,FALSE
"763488","In-Store Shopper","Online order picking","Inventory / merchandising",NA,FALSE
"766813","2027 Pharmacy Graduate Intern-ACME","Pharmacy","Inventory / merchandising",NA,FALSE
"768334","Fresh Cut Produce Clerk","Food / beverage","Inventory / merchandising",NA,FALSE
"768338","Deli Clerk","Food / beverage","Inventory / merchandising","merchandising",TRUE
"768341","Front End Entry Level","Front end","Inventory / merchandising","stocking",TRUE
"W737276","Front End Entry Level","Front end","Inventory / merchandising",NA,FALSE
"W736222","Deli Clerk","Food / beverage","Inventory / merchandising",NA,FALSE
"W743435","Meat - Seafood Clerk","Food / beverage","Inventory / merchandising",NA,FALSE
"W743441","Fresh Cut Produce Clerk","Food / beverage","Inventory / merchandising",NA,FALSE
"W743429","Bakery Clerk","Food / beverage","Inventory / merchandising",NA,FALSE
"W743406","Front End Entry Level","Front end","Inventory / merchandising",NA,FALSE
"758298","Deli Clerk","Food / beverage","Inventory / merchandising",NA,FALSE
"W743421","In-Store Shopper","Online order picking","Inventory / merchandising",NA,FALSE
"759190","Customer Service Clerk","Front end","Inventory / merchandising",NA,FALSE
"759196","Meat - Seafood Clerk","Food / beverage","Inventory / merchandising",NA,FALSE
"759199","Retail Sales and Store Support","Stocking / store support","Inventory / merchandising",NA,FALSE
"755616","Bakery Clerk","Food / beverage","Inventory / merchandising",NA,FALSE
"752098","Front End Entry Level","Front end","Inventory / merchandising",NA,FALSE
"765035","Fresh Cut Produce Clerk","Food / beverage","Inventory / merchandising",NA,FALSE
"766712","Front End Entry Level","Front end","Inventory / merchandising","stocking",TRUE
"746292","Deli Clerk","Food / beverage","Inventory / merchandising",NA,FALSE
"753392","Bakery Clerk","Food / beverage","Inventory / merchandising",NA,FALSE
"749616","In-Store Shopper","Online order picking","Inventory / merchandising",NA,FALSE
"748847","Deli Clerk","Food / beverage","Inventory / merchandising",NA,FALSE
"749698","Deli Clerk","Food / beverage","Inventory / merchandising",NA,FALSE
"749726","Front End Entry Level","Front end","Inventory / merchandising",NA,FALSE
"758881","Deli Clerk","Food / beverage","Inventory / merchandising",NA,FALSE
"758887","Cake Decorator","Food / beverage","Inventory / merchandising",NA,FALSE
"W736459","Front End Entry Level","Front end","Inventory / merchandising",NA,FALSE
"W734472","Acme Store Director-Philadelphia, PA","Management","Inventory / merchandising",NA,FALSE
"W738695","Refrigeration Technician - Philadelphia, Chester, Delaware Counties","Maintenance","Inventory / merchandising",NA,FALSE
"766523","Acme Store Director-Philadelphia, PA","Management","Inventory / merchandising",NA,FALSE
"W732500","Deli Clerk","Food / beverage","Cash handling",NA,FALSE
"753555","Fresh Cut Produce Clerk","Food / beverage","Cash handling",NA,FALSE
"753578","Front End Entry Level","Front end","Cash handling",NA,FALSE
"755785","Frozen Food Supervisor-Philadelphia, PA","Management","Cash handling","cash register",TRUE
"753573","Retail Sales and Store Support","Stocking / store support","Cash handling",NA,FALSE
"753572","Deli Clerk","Food / beverage","Cash handling",NA,FALSE
"753576","Night Crew Stocker","Stocking / store support","Cash handling",NA,FALSE
"W734814","In-Store Shopper","Online order picking","Cash handling",NA,FALSE
"W738193","Night Crew Stocker","Stocking / store support","Cash handling",NA,FALSE
"766162","Beverage Steward","Food / beverage","Cash handling",NA,FALSE
"766163","Fresh Cut Produce Clerk","Food / beverage","Cash handling",NA,FALSE
"767831","Baker","Food / beverage","Cash handling",NA,FALSE
"W737518","Front End Entry Level","Front end","Cash handling",NA,FALSE
"W738715","Acme Assistant Store Director-Philadelphia, PA","Management","Cash handling",NA,FALSE
"757784","Night Crew Stocker","Stocking / store support","Cash handling",NA,FALSE
"757982","In-Store Shopper","Online order picking","Cash handling",NA,FALSE
"757971","Meat - Seafood Clerk","Food / beverage","Cash handling",NA,FALSE
"757978","Deli Clerk","Food / beverage","Cash handling",NA,FALSE
"757992","Starbucks Barista","Food / beverage","Cash handling",NA,FALSE
"757997","Fresh Cut Produce Clerk","Food / beverage","Cash handling",NA,FALSE
"757996","Front End Entry Level","Front end","Cash handling",NA,FALSE
"757989","Night Crew Stocker","Stocking / store support","Cash handling",NA,FALSE
"768747","Deli Clerk","Food / beverage","Cash handling","cash handling",TRUE
"759503","In-Store Shopper","Online order picking","Cash handling",NA,FALSE
"759516","Dairy Clerk","Food / beverage","Cash handling",NA,FALSE
"759654","Deli Clerk","Food / beverage","Cash handling",NA,FALSE
"759510","Meat - Seafood Clerk","Food / beverage","Cash handling",NA,FALSE
"759538","Front End Entry Level","Front end","Cash handling",NA,FALSE
"759529","Fresh Cut Produce Clerk","Food / beverage","Cash handling",NA,FALSE
"758001","Fresh Cut Produce Clerk","Food / beverage","Cash handling",NA,FALSE
"765325","Deli Clerk","Food / beverage","Cash handling",NA,FALSE
"767314","Pharmacy Technician","Pharmacy","Cash handling",NA,FALSE
"767868","Night Crew Stocker","Stocking / store support","Cash handling",NA,FALSE
"766203","Deli Clerk","Food / beverage","Cash handling","cash handling",TRUE
"W738195","Deli Associate","Food / beverage","Cash handling",NA,FALSE
"762291","Night Crew Stocker","Stocking / store support","Cash handling",NA,FALSE
"W733404","In-Store Shopper","Online order picking","Cash handling",NA,FALSE
"W736204","Deli Clerk","Food / beverage","Cash handling",NA,FALSE
"759853","Front End Entry Level","Front end","Cash handling",NA,FALSE
"768625","Fresh Cut Produce Clerk","Food / beverage","Cash handling",NA,FALSE
"766339","In-Store Shopper","Online order picking","Cash handling",NA,FALSE
"745976","Deli Clerk","Food / beverage","Cash handling",NA,FALSE
"765186","Asst. Deli Manager-Philadelphia, PA","Management","Cash handling",NA,FALSE
"W734681","Deli Clerk","Food / beverage","Cash handling",NA,FALSE
"W734688","Front End Entry Level","Front end","Cash handling",NA,FALSE
"748505","Fresh Cut Produce Clerk","Food / beverage","Cash handling",NA,FALSE
"748705","Meat - Seafood Clerk","Food / beverage","Cash handling",NA,FALSE
"766315","Front End Entry Level","Front end","Cash handling","transaction handling",TRUE
"766313","Bakery Clerk","Food / beverage","Cash handling",NA,FALSE
"W733472","Front End Entry Level","Front end","Cash handling",NA,FALSE
"761686","Cake Decorator","Food / beverage","Cash handling",NA,FALSE
"748367","Customer Service Clerk","Front end","Cash handling","cash register",TRUE
"753353","Bakery Clerk","Food / beverage","Cash handling",NA,FALSE
"W742507","Front End Entry Level","Front end","Cash handling",NA,FALSE
"766268","In-Store Shopper","Online order picking","Cash handling",NA,FALSE
"765920","Customer Service Clerk","Front end","Cash handling","cash register",TRUE
"765005","Night Crew Stocker","Stocking / store support","Cash handling",NA,FALSE
"765009","Front End Entry Level","Front end","Cash handling",NA,FALSE
"763037","Deli Clerk","Food / beverage","Cash handling",NA,FALSE
"763036","Fresh Cut Produce Clerk","Food / beverage","Cash handling",NA,FALSE
"763046","Front End Entry Level","Front end","Cash handling",NA,FALSE
"763040","In-Store Shopper","Online order picking","Cash handling",NA,FALSE
"759822","Pharmacy Manager (Pharmacist)","Pharmacy","Cash handling",NA,FALSE
"W743851","Deli Clerk","Food / beverage","Cash handling",NA,FALSE
"W731273","Front End Entry Level","Front end","Cash handling",NA,FALSE
"757415","Fresh Cut Produce Clerk","Food / beverage","Cash handling",NA,FALSE
"759149","Meat - Seafood Clerk","Food / beverage","Cash handling",NA,FALSE
"758601","Front End Entry Level","Front end","Cash handling",NA,FALSE
"W743965","Baker","Food / beverage","Cash handling",NA,FALSE
"762779","Deli Clerk","Food / beverage","Cash handling",NA,FALSE
"765425","Front End Entry Level","Front end","Cash handling",NA,FALSE
"W735295","Deli Clerk","Food / beverage","Cash handling",NA,FALSE
"W735293","Front End Entry Level","Front end","Cash handling",NA,FALSE
"755786","Acme Assistant Store Director- Philadelphia, PA","Management","Cash handling",NA,FALSE
"763018","Fresh Cut Produce Clerk","Food / beverage","Cash handling",NA,FALSE
"760931","Front End Entry Level","Front end","Cash handling",NA,FALSE
"757849","Deli Clerk","Food / beverage","Cash handling",NA,FALSE
"W739803","In-Store Shopper","Online order picking","Cash handling",NA,FALSE
"W735815","Fresh Cut Produce Clerk","Food / beverage","Cash handling",NA,FALSE
"759382","Meat - Seafood Clerk","Food / beverage","Cash handling",NA,FALSE
"W735799","Front End Entry Level","Front end","Cash handling",NA,FALSE
"764996","Deli Clerk","Food / beverage","Cash handling",NA,FALSE
"764995","Front End Entry Level","Front end","Cash handling",NA,FALSE
"753190","Deli Clerk","Food / beverage","Cash handling",NA,FALSE
"768701","Night Crew Stocker","Stocking / store support","Cash handling",NA,FALSE
"753199","Retail Sales and Store Support","Stocking / store support","Cash handling",NA,FALSE
"763488","In-Store Shopper","Online order picking","Cash handling",NA,FALSE
"766813","2027 Pharmacy Graduate Intern-ACME","Pharmacy","Cash handling",NA,FALSE
"768334","Fresh Cut Produce Clerk","Food / beverage","Cash handling",NA,FALSE
"768338","Deli Clerk","Food / beverage","Cash handling","cash handling",TRUE
"768341","Front End Entry Level","Front end","Cash handling","transaction handling",TRUE
"W737276","Front End Entry Level","Front end","Cash handling",NA,FALSE
"W736222","Deli Clerk","Food / beverage","Cash handling",NA,FALSE
"W743435","Meat - Seafood Clerk","Food / beverage","Cash handling",NA,FALSE
"W743441","Fresh Cut Produce Clerk","Food / beverage","Cash handling",NA,FALSE
"W743429","Bakery Clerk","Food / beverage","Cash handling",NA,FALSE
"W743406","Front End Entry Level","Front end","Cash handling",NA,FALSE
"758298","Deli Clerk","Food / beverage","Cash handling",NA,FALSE
"W743421","In-Store Shopper","Online order picking","Cash handling",NA,FALSE
"759190","Customer Service Clerk","Front end","Cash handling","cash register",TRUE
"759196","Meat - Seafood Clerk","Food / beverage","Cash handling",NA,FALSE
"759199","Retail Sales and Store Support","Stocking / store support","Cash handling",NA,FALSE
"755616","Bakery Clerk","Food / beverage","Cash handling",NA,FALSE
"752098","Front End Entry Level","Front end","Cash handling",NA,FALSE
"765035","Fresh Cut Produce Clerk","Food / beverage","Cash handling",NA,FALSE
"766712","Front End Entry Level","Front end","Cash handling","transaction handling",TRUE
"746292","Deli Clerk","Food / beverage","Cash handling",NA,FALSE
"753392","Bakery Clerk","Food / beverage","Cash handling",NA,FALSE
"749616","In-Store Shopper","Online order picking","Cash handling",NA,FALSE
"748847","Deli Clerk","Food / beverage","Cash handling",NA,FALSE
"749698","Deli Clerk","Food / beverage","Cash handling",NA,FALSE
"749726","Front End Entry Level","Front end","Cash handling",NA,FALSE
"758881","Deli Clerk","Food / beverage","Cash handling",NA,FALSE
"758887","Cake Decorator","Food / beverage","Cash handling",NA,FALSE
"W736459","Front End Entry Level","Front end","Cash handling",NA,FALSE
"W734472","Acme Store Director-Philadelphia, PA","Management","Cash handling",NA,FALSE
"W738695","Refrigeration Technician - Philadelphia, Chester, Delaware Counties","Maintenance","Cash handling",NA,FALSE
"766523","Acme Store Director-Philadelphia, PA","Management","Cash handling",NA,FALSE
"W732500","Deli Clerk","Food / beverage","Leadership / coaching",NA,FALSE
"753555","Fresh Cut Produce Clerk","Food / beverage","Leadership / coaching",NA,FALSE
"753578","Front End Entry Level","Front end","Leadership / coaching",NA,FALSE
"755785","Frozen Food Supervisor-Philadelphia, PA","Management","Leadership / coaching","leadership",TRUE
"753573","Retail Sales and Store Support","Stocking / store support","Leadership / coaching",NA,FALSE
"753572","Deli Clerk","Food / beverage","Leadership / coaching",NA,FALSE
"753576","Night Crew Stocker","Stocking / store support","Leadership / coaching",NA,FALSE
"W734814","In-Store Shopper","Online order picking","Leadership / coaching",NA,FALSE
"W738193","Night Crew Stocker","Stocking / store support","Leadership / coaching",NA,FALSE
"766162","Beverage Steward","Food / beverage","Leadership / coaching",NA,FALSE
"766163","Fresh Cut Produce Clerk","Food / beverage","Leadership / coaching",NA,FALSE
"767831","Baker","Food / beverage","Leadership / coaching",NA,FALSE
"W737518","Front End Entry Level","Front end","Leadership / coaching",NA,FALSE
"W738715","Acme Assistant Store Director-Philadelphia, PA","Management","Leadership / coaching","supervisory",TRUE
"757784","Night Crew Stocker","Stocking / store support","Leadership / coaching",NA,FALSE
"757982","In-Store Shopper","Online order picking","Leadership / coaching",NA,FALSE
"757971","Meat - Seafood Clerk","Food / beverage","Leadership / coaching",NA,FALSE
"757978","Deli Clerk","Food / beverage","Leadership / coaching",NA,FALSE
"757992","Starbucks Barista","Food / beverage","Leadership / coaching",NA,FALSE
"757997","Fresh Cut Produce Clerk","Food / beverage","Leadership / coaching",NA,FALSE
"757996","Front End Entry Level","Front end","Leadership / coaching",NA,FALSE
"757989","Night Crew Stocker","Stocking / store support","Leadership / coaching",NA,FALSE
"768747","Deli Clerk","Food / beverage","Leadership / coaching",NA,FALSE
"759503","In-Store Shopper","Online order picking","Leadership / coaching",NA,FALSE
"759516","Dairy Clerk","Food / beverage","Leadership / coaching",NA,FALSE
"759654","Deli Clerk","Food / beverage","Leadership / coaching",NA,FALSE
"759510","Meat - Seafood Clerk","Food / beverage","Leadership / coaching",NA,FALSE
"759538","Front End Entry Level","Front end","Leadership / coaching",NA,FALSE
"759529","Fresh Cut Produce Clerk","Food / beverage","Leadership / coaching",NA,FALSE
"758001","Fresh Cut Produce Clerk","Food / beverage","Leadership / coaching",NA,FALSE
"765325","Deli Clerk","Food / beverage","Leadership / coaching",NA,FALSE
"767314","Pharmacy Technician","Pharmacy","Leadership / coaching",NA,FALSE
"767868","Night Crew Stocker","Stocking / store support","Leadership / coaching",NA,FALSE
"766203","Deli Clerk","Food / beverage","Leadership / coaching",NA,FALSE
"W738195","Deli Associate","Food / beverage","Leadership / coaching",NA,FALSE
"762291","Night Crew Stocker","Stocking / store support","Leadership / coaching",NA,FALSE
"W733404","In-Store Shopper","Online order picking","Leadership / coaching",NA,FALSE
"W736204","Deli Clerk","Food / beverage","Leadership / coaching",NA,FALSE
"759853","Front End Entry Level","Front end","Leadership / coaching",NA,FALSE
"768625","Fresh Cut Produce Clerk","Food / beverage","Leadership / coaching",NA,FALSE
"766339","In-Store Shopper","Online order picking","Leadership / coaching",NA,FALSE
"745976","Deli Clerk","Food / beverage","Leadership / coaching",NA,FALSE
"765186","Asst. Deli Manager-Philadelphia, PA","Management","Leadership / coaching","leadership",TRUE
"W734681","Deli Clerk","Food / beverage","Leadership / coaching",NA,FALSE
"W734688","Front End Entry Level","Front end","Leadership / coaching",NA,FALSE
"748505","Fresh Cut Produce Clerk","Food / beverage","Leadership / coaching",NA,FALSE
"748705","Meat - Seafood Clerk","Food / beverage","Leadership / coaching",NA,FALSE
"766315","Front End Entry Level","Front end","Leadership / coaching",NA,FALSE
"766313","Bakery Clerk","Food / beverage","Leadership / coaching",NA,FALSE
"W733472","Front End Entry Level","Front end","Leadership / coaching",NA,FALSE
"761686","Cake Decorator","Food / beverage","Leadership / coaching",NA,FALSE
"748367","Customer Service Clerk","Front end","Leadership / coaching",NA,FALSE
"753353","Bakery Clerk","Food / beverage","Leadership / coaching",NA,FALSE
"W742507","Front End Entry Level","Front end","Leadership / coaching",NA,FALSE
"766268","In-Store Shopper","Online order picking","Leadership / coaching",NA,FALSE
"765920","Customer Service Clerk","Front end","Leadership / coaching",NA,FALSE
"765005","Night Crew Stocker","Stocking / store support","Leadership / coaching",NA,FALSE
"765009","Front End Entry Level","Front end","Leadership / coaching",NA,FALSE
"763037","Deli Clerk","Food / beverage","Leadership / coaching",NA,FALSE
"763036","Fresh Cut Produce Clerk","Food / beverage","Leadership / coaching",NA,FALSE
"763046","Front End Entry Level","Front end","Leadership / coaching",NA,FALSE
"763040","In-Store Shopper","Online order picking","Leadership / coaching",NA,FALSE
"759822","Pharmacy Manager (Pharmacist)","Pharmacy","Leadership / coaching","supervisory",TRUE
"W743851","Deli Clerk","Food / beverage","Leadership / coaching",NA,FALSE
"W731273","Front End Entry Level","Front end","Leadership / coaching",NA,FALSE
"757415","Fresh Cut Produce Clerk","Food / beverage","Leadership / coaching",NA,FALSE
"759149","Meat - Seafood Clerk","Food / beverage","Leadership / coaching",NA,FALSE
"758601","Front End Entry Level","Front end","Leadership / coaching",NA,FALSE
"W743965","Baker","Food / beverage","Leadership / coaching",NA,FALSE
"762779","Deli Clerk","Food / beverage","Leadership / coaching",NA,FALSE
"765425","Front End Entry Level","Front end","Leadership / coaching",NA,FALSE
"W735295","Deli Clerk","Food / beverage","Leadership / coaching",NA,FALSE
"W735293","Front End Entry Level","Front end","Leadership / coaching",NA,FALSE
"755786","Acme Assistant Store Director- Philadelphia, PA","Management","Leadership / coaching","supervisory",TRUE
"763018","Fresh Cut Produce Clerk","Food / beverage","Leadership / coaching",NA,FALSE
"760931","Front End Entry Level","Front end","Leadership / coaching",NA,FALSE
"757849","Deli Clerk","Food / beverage","Leadership / coaching",NA,FALSE
"W739803","In-Store Shopper","Online order picking","Leadership / coaching",NA,FALSE
"W735815","Fresh Cut Produce Clerk","Food / beverage","Leadership / coaching",NA,FALSE
"759382","Meat - Seafood Clerk","Food / beverage","Leadership / coaching",NA,FALSE
"W735799","Front End Entry Level","Front end","Leadership / coaching",NA,FALSE
"764996","Deli Clerk","Food / beverage","Leadership / coaching",NA,FALSE
"764995","Front End Entry Level","Front end","Leadership / coaching",NA,FALSE
"753190","Deli Clerk","Food / beverage","Leadership / coaching",NA,FALSE
"768701","Night Crew Stocker","Stocking / store support","Leadership / coaching",NA,FALSE
"753199","Retail Sales and Store Support","Stocking / store support","Leadership / coaching",NA,FALSE
"763488","In-Store Shopper","Online order picking","Leadership / coaching",NA,FALSE
"766813","2027 Pharmacy Graduate Intern-ACME","Pharmacy","Leadership / coaching",NA,FALSE
"768334","Fresh Cut Produce Clerk","Food / beverage","Leadership / coaching",NA,FALSE
"768338","Deli Clerk","Food / beverage","Leadership / coaching",NA,FALSE
"768341","Front End Entry Level","Front end","Leadership / coaching",NA,FALSE
"W737276","Front End Entry Level","Front end","Leadership / coaching",NA,FALSE
"W736222","Deli Clerk","Food / beverage","Leadership / coaching",NA,FALSE
"W743435","Meat - Seafood Clerk","Food / beverage","Leadership / coaching",NA,FALSE
"W743441","Fresh Cut Produce Clerk","Food / beverage","Leadership / coaching",NA,FALSE
"W743429","Bakery Clerk","Food / beverage","Leadership / coaching",NA,FALSE
"W743406","Front End Entry Level","Front end","Leadership / coaching",NA,FALSE
"758298","Deli Clerk","Food / beverage","Leadership / coaching",NA,FALSE
"W743421","In-Store Shopper","Online order picking","Leadership / coaching",NA,FALSE
"759190","Customer Service Clerk","Front end","Leadership / coaching",NA,FALSE
"759196","Meat - Seafood Clerk","Food / beverage","Leadership / coaching",NA,FALSE
"759199","Retail Sales and Store Support","Stocking / store support","Leadership / coaching",NA,FALSE
"755616","Bakery Clerk","Food / beverage","Leadership / coaching",NA,FALSE
"752098","Front End Entry Level","Front end","Leadership / coaching",NA,FALSE
"765035","Fresh Cut Produce Clerk","Food / beverage","Leadership / coaching",NA,FALSE
"766712","Front End Entry Level","Front end","Leadership / coaching",NA,FALSE
"746292","Deli Clerk","Food / beverage","Leadership / coaching",NA,FALSE
"753392","Bakery Clerk","Food / beverage","Leadership / coaching",NA,FALSE
"749616","In-Store Shopper","Online order picking","Leadership / coaching",NA,FALSE
"748847","Deli Clerk","Food / beverage","Leadership / coaching",NA,FALSE
"749698","Deli Clerk","Food / beverage","Leadership / coaching",NA,FALSE
"749726","Front End Entry Level","Front end","Leadership / coaching",NA,FALSE
"758881","Deli Clerk","Food / beverage","Leadership / coaching",NA,FALSE
"758887","Cake Decorator","Food / beverage","Leadership / coaching",NA,FALSE
"W736459","Front End Entry Level","Front end","Leadership / coaching",NA,FALSE
"W734472","Acme Store Director-Philadelphia, PA","Management","Leadership / coaching","leadership",TRUE
"W738695","Refrigeration Technician - Philadelphia, Chester, Delaware Counties","Maintenance","Leadership / coaching",NA,FALSE
"766523","Acme Store Director-Philadelphia, PA","Management","Leadership / coaching","leadership",TRUE
"W732500","Deli Clerk","Food / beverage","Problem solving",NA,FALSE
"753555","Fresh Cut Produce Clerk","Food / beverage","Problem solving",NA,FALSE
"753578","Front End Entry Level","Front end","Problem solving",NA,FALSE
"755785","Frozen Food Supervisor-Philadelphia, PA","Management","Problem solving","maintain composure",TRUE
"753573","Retail Sales and Store Support","Stocking / store support","Problem solving",NA,FALSE
"753572","Deli Clerk","Food / beverage","Problem solving",NA,FALSE
"753576","Night Crew Stocker","Stocking / store support","Problem solving",NA,FALSE
"W734814","In-Store Shopper","Online order picking","Problem solving",NA,FALSE
"W738193","Night Crew Stocker","Stocking / store support","Problem solving",NA,FALSE
"766162","Beverage Steward","Food / beverage","Problem solving",NA,FALSE
"766163","Fresh Cut Produce Clerk","Food / beverage","Problem solving",NA,FALSE
"767831","Baker","Food / beverage","Problem solving",NA,FALSE
"W737518","Front End Entry Level","Front end","Problem solving",NA,FALSE
"W738715","Acme Assistant Store Director-Philadelphia, PA","Management","Problem solving",NA,FALSE
"757784","Night Crew Stocker","Stocking / store support","Problem solving",NA,FALSE
"757982","In-Store Shopper","Online order picking","Problem solving",NA,FALSE
"757971","Meat - Seafood Clerk","Food / beverage","Problem solving",NA,FALSE
"757978","Deli Clerk","Food / beverage","Problem solving",NA,FALSE
"757992","Starbucks Barista","Food / beverage","Problem solving",NA,FALSE
"757997","Fresh Cut Produce Clerk","Food / beverage","Problem solving",NA,FALSE
"757996","Front End Entry Level","Front end","Problem solving",NA,FALSE
"757989","Night Crew Stocker","Stocking / store support","Problem solving",NA,FALSE
"768747","Deli Clerk","Food / beverage","Problem solving",NA,FALSE
"759503","In-Store Shopper","Online order picking","Problem solving",NA,FALSE
"759516","Dairy Clerk","Food / beverage","Problem solving",NA,FALSE
"759654","Deli Clerk","Food / beverage","Problem solving",NA,FALSE
"759510","Meat - Seafood Clerk","Food / beverage","Problem solving",NA,FALSE
"759538","Front End Entry Level","Front end","Problem solving",NA,FALSE
"759529","Fresh Cut Produce Clerk","Food / beverage","Problem solving",NA,FALSE
"758001","Fresh Cut Produce Clerk","Food / beverage","Problem solving",NA,FALSE
"765325","Deli Clerk","Food / beverage","Problem solving",NA,FALSE
"767314","Pharmacy Technician","Pharmacy","Problem solving",NA,FALSE
"767868","Night Crew Stocker","Stocking / store support","Problem solving",NA,FALSE
"766203","Deli Clerk","Food / beverage","Problem solving",NA,FALSE
"W738195","Deli Associate","Food / beverage","Problem solving",NA,FALSE
"762291","Night Crew Stocker","Stocking / store support","Problem solving",NA,FALSE
"W733404","In-Store Shopper","Online order picking","Problem solving",NA,FALSE
"W736204","Deli Clerk","Food / beverage","Problem solving",NA,FALSE
"759853","Front End Entry Level","Front end","Problem solving",NA,FALSE
"768625","Fresh Cut Produce Clerk","Food / beverage","Problem solving",NA,FALSE
"766339","In-Store Shopper","Online order picking","Problem solving","problem awareness",TRUE
"745976","Deli Clerk","Food / beverage","Problem solving",NA,FALSE
"765186","Asst. Deli Manager-Philadelphia, PA","Management","Problem solving","problem-solving",TRUE
"W734681","Deli Clerk","Food / beverage","Problem solving",NA,FALSE
"W734688","Front End Entry Level","Front end","Problem solving",NA,FALSE
"748505","Fresh Cut Produce Clerk","Food / beverage","Problem solving",NA,FALSE
"748705","Meat - Seafood Clerk","Food / beverage","Problem solving",NA,FALSE
"766315","Front End Entry Level","Front end","Problem solving","problem awareness",TRUE
"766313","Bakery Clerk","Food / beverage","Problem solving",NA,FALSE
"W733472","Front End Entry Level","Front end","Problem solving",NA,FALSE
"761686","Cake Decorator","Food / beverage","Problem solving",NA,FALSE
"748367","Customer Service Clerk","Front end","Problem solving","problem-solving",TRUE
"753353","Bakery Clerk","Food / beverage","Problem solving",NA,FALSE
"W742507","Front End Entry Level","Front end","Problem solving",NA,FALSE
"766268","In-Store Shopper","Online order picking","Problem solving","problem awareness",TRUE
"765920","Customer Service Clerk","Front end","Problem solving","problem-solving",TRUE
"765005","Night Crew Stocker","Stocking / store support","Problem solving",NA,FALSE
"765009","Front End Entry Level","Front end","Problem solving",NA,FALSE
"763037","Deli Clerk","Food / beverage","Problem solving",NA,FALSE
"763036","Fresh Cut Produce Clerk","Food / beverage","Problem solving",NA,FALSE
"763046","Front End Entry Level","Front end","Problem solving",NA,FALSE
"763040","In-Store Shopper","Online order picking","Problem solving",NA,FALSE
"759822","Pharmacy Manager (Pharmacist)","Pharmacy","Problem solving",NA,FALSE
"W743851","Deli Clerk","Food / beverage","Problem solving",NA,FALSE
"W731273","Front End Entry Level","Front end","Problem solving",NA,FALSE
"757415","Fresh Cut Produce Clerk","Food / beverage","Problem solving",NA,FALSE
"759149","Meat - Seafood Clerk","Food / beverage","Problem solving",NA,FALSE
"758601","Front End Entry Level","Front end","Problem solving",NA,FALSE
"W743965","Baker","Food / beverage","Problem solving",NA,FALSE
"762779","Deli Clerk","Food / beverage","Problem solving",NA,FALSE
"765425","Front End Entry Level","Front end","Problem solving",NA,FALSE
"W735295","Deli Clerk","Food / beverage","Problem solving",NA,FALSE
"W735293","Front End Entry Level","Front end","Problem solving",NA,FALSE
"755786","Acme Assistant Store Director- Philadelphia, PA","Management","Problem solving",NA,FALSE
"763018","Fresh Cut Produce Clerk","Food / beverage","Problem solving",NA,FALSE
"760931","Front End Entry Level","Front end","Problem solving",NA,FALSE
"757849","Deli Clerk","Food / beverage","Problem solving",NA,FALSE
"W739803","In-Store Shopper","Online order picking","Problem solving",NA,FALSE
"W735815","Fresh Cut Produce Clerk","Food / beverage","Problem solving",NA,FALSE
"759382","Meat - Seafood Clerk","Food / beverage","Problem solving",NA,FALSE
"W735799","Front End Entry Level","Front end","Problem solving",NA,FALSE
"764996","Deli Clerk","Food / beverage","Problem solving",NA,FALSE
"764995","Front End Entry Level","Front end","Problem solving",NA,FALSE
"753190","Deli Clerk","Food / beverage","Problem solving",NA,FALSE
"768701","Night Crew Stocker","Stocking / store support","Problem solving",NA,FALSE
"753199","Retail Sales and Store Support","Stocking / store support","Problem solving",NA,FALSE
"763488","In-Store Shopper","Online order picking","Problem solving",NA,FALSE
"766813","2027 Pharmacy Graduate Intern-ACME","Pharmacy","Problem solving",NA,FALSE
"768334","Fresh Cut Produce Clerk","Food / beverage","Problem solving",NA,FALSE
"768338","Deli Clerk","Food / beverage","Problem solving",NA,FALSE
"768341","Front End Entry Level","Front end","Problem solving","problem awareness",TRUE
"W737276","Front End Entry Level","Front end","Problem solving",NA,FALSE
"W736222","Deli Clerk","Food / beverage","Problem solving",NA,FALSE
"W743435","Meat - Seafood Clerk","Food / beverage","Problem solving",NA,FALSE
"W743441","Fresh Cut Produce Clerk","Food / beverage","Problem solving",NA,FALSE
"W743429","Bakery Clerk","Food / beverage","Problem solving",NA,FALSE
"W743406","Front End Entry Level","Front end","Problem solving",NA,FALSE
"758298","Deli Clerk","Food / beverage","Problem solving",NA,FALSE
"W743421","In-Store Shopper","Online order picking","Problem solving",NA,FALSE
"759190","Customer Service Clerk","Front end","Problem solving","problem-solving",TRUE
"759196","Meat - Seafood Clerk","Food / beverage","Problem solving",NA,FALSE
"759199","Retail Sales and Store Support","Stocking / store support","Problem solving",NA,FALSE
"755616","Bakery Clerk","Food / beverage","Problem solving",NA,FALSE
"752098","Front End Entry Level","Front end","Problem solving",NA,FALSE
"765035","Fresh Cut Produce Clerk","Food / beverage","Problem solving",NA,FALSE
"766712","Front End Entry Level","Front end","Problem solving","problem awareness",TRUE
"746292","Deli Clerk","Food / beverage","Problem solving",NA,FALSE
"753392","Bakery Clerk","Food / beverage","Problem solving",NA,FALSE
"749616","In-Store Shopper","Online order picking","Problem solving",NA,FALSE
"748847","Deli Clerk","Food / beverage","Problem solving",NA,FALSE
"749698","Deli Clerk","Food / beverage","Problem solving",NA,FALSE
"749726","Front End Entry Level","Front end","Problem solving",NA,FALSE
"758881","Deli Clerk","Food / beverage","Problem solving",NA,FALSE
"758887","Cake Decorator","Food / beverage","Problem solving",NA,FALSE
"W736459","Front End Entry Level","Front end","Problem solving",NA,FALSE
"W734472","Acme Store Director-Philadelphia, PA","Management","Problem solving",NA,FALSE
"W738695","Refrigeration Technician - Philadelphia, Chester, Delaware Counties","Maintenance","Problem solving",NA,FALSE
"766523","Acme Store Director-Philadelphia, PA","Management","Problem solving",NA,FALSE
"W732500","Deli Clerk","Food / beverage","Numeracy / finance",NA,FALSE
"753555","Fresh Cut Produce Clerk","Food / beverage","Numeracy / finance",NA,FALSE
"753578","Front End Entry Level","Front end","Numeracy / finance",NA,FALSE
"755785","Frozen Food Supervisor-Philadelphia, PA","Management","Numeracy / finance","financial knowledge",TRUE
"753573","Retail Sales and Store Support","Stocking / store support","Numeracy / finance",NA,FALSE
"753572","Deli Clerk","Food / beverage","Numeracy / finance",NA,FALSE
"753576","Night Crew Stocker","Stocking / store support","Numeracy / finance",NA,FALSE
"W734814","In-Store Shopper","Online order picking","Numeracy / finance",NA,FALSE
"W738193","Night Crew Stocker","Stocking / store support","Numeracy / finance",NA,FALSE
"766162","Beverage Steward","Food / beverage","Numeracy / finance",NA,FALSE
"766163","Fresh Cut Produce Clerk","Food / beverage","Numeracy / finance",NA,FALSE
"767831","Baker","Food / beverage","Numeracy / finance",NA,FALSE
"W737518","Front End Entry Level","Front end","Numeracy / finance",NA,FALSE
"W738715","Acme Assistant Store Director-Philadelphia, PA","Management","Numeracy / finance",NA,FALSE
"757784","Night Crew Stocker","Stocking / store support","Numeracy / finance",NA,FALSE
"757982","In-Store Shopper","Online order picking","Numeracy / finance",NA,FALSE
"757971","Meat - Seafood Clerk","Food / beverage","Numeracy / finance",NA,FALSE
"757978","Deli Clerk","Food / beverage","Numeracy / finance",NA,FALSE
"757992","Starbucks Barista","Food / beverage","Numeracy / finance",NA,FALSE
"757997","Fresh Cut Produce Clerk","Food / beverage","Numeracy / finance",NA,FALSE
"757996","Front End Entry Level","Front end","Numeracy / finance",NA,FALSE
"757989","Night Crew Stocker","Stocking / store support","Numeracy / finance",NA,FALSE
"768747","Deli Clerk","Food / beverage","Numeracy / finance","basic math",TRUE
"759503","In-Store Shopper","Online order picking","Numeracy / finance",NA,FALSE
"759516","Dairy Clerk","Food / beverage","Numeracy / finance",NA,FALSE
"759654","Deli Clerk","Food / beverage","Numeracy / finance",NA,FALSE
"759510","Meat - Seafood Clerk","Food / beverage","Numeracy / finance",NA,FALSE
"759538","Front End Entry Level","Front end","Numeracy / finance",NA,FALSE
"759529","Fresh Cut Produce Clerk","Food / beverage","Numeracy / finance",NA,FALSE
"758001","Fresh Cut Produce Clerk","Food / beverage","Numeracy / finance",NA,FALSE
"765325","Deli Clerk","Food / beverage","Numeracy / finance",NA,FALSE
"767314","Pharmacy Technician","Pharmacy","Numeracy / finance","basic math",TRUE
"767868","Night Crew Stocker","Stocking / store support","Numeracy / finance","basic math",TRUE
"766203","Deli Clerk","Food / beverage","Numeracy / finance","basic math",TRUE
"W738195","Deli Associate","Food / beverage","Numeracy / finance",NA,FALSE
"762291","Night Crew Stocker","Stocking / store support","Numeracy / finance",NA,FALSE
"W733404","In-Store Shopper","Online order picking","Numeracy / finance",NA,FALSE
"W736204","Deli Clerk","Food / beverage","Numeracy / finance",NA,FALSE
"759853","Front End Entry Level","Front end","Numeracy / finance",NA,FALSE
"768625","Fresh Cut Produce Clerk","Food / beverage","Numeracy / finance",NA,FALSE
"766339","In-Store Shopper","Online order picking","Numeracy / finance",NA,FALSE
"745976","Deli Clerk","Food / beverage","Numeracy / finance",NA,FALSE
"765186","Asst. Deli Manager-Philadelphia, PA","Management","Numeracy / finance",NA,FALSE
"W734681","Deli Clerk","Food / beverage","Numeracy / finance",NA,FALSE
"W734688","Front End Entry Level","Front end","Numeracy / finance",NA,FALSE
"748505","Fresh Cut Produce Clerk","Food / beverage","Numeracy / finance",NA,FALSE
"748705","Meat - Seafood Clerk","Food / beverage","Numeracy / finance",NA,FALSE
"766315","Front End Entry Level","Front end","Numeracy / finance","basic math",TRUE
"766313","Bakery Clerk","Food / beverage","Numeracy / finance",NA,FALSE
"W733472","Front End Entry Level","Front end","Numeracy / finance",NA,FALSE
"761686","Cake Decorator","Food / beverage","Numeracy / finance",NA,FALSE
"748367","Customer Service Clerk","Front end","Numeracy / finance",NA,FALSE
"753353","Bakery Clerk","Food / beverage","Numeracy / finance",NA,FALSE
"W742507","Front End Entry Level","Front end","Numeracy / finance",NA,FALSE
"766268","In-Store Shopper","Online order picking","Numeracy / finance",NA,FALSE
"765920","Customer Service Clerk","Front end","Numeracy / finance",NA,FALSE
"765005","Night Crew Stocker","Stocking / store support","Numeracy / finance",NA,FALSE
"765009","Front End Entry Level","Front end","Numeracy / finance",NA,FALSE
"763037","Deli Clerk","Food / beverage","Numeracy / finance",NA,FALSE
"763036","Fresh Cut Produce Clerk","Food / beverage","Numeracy / finance",NA,FALSE
"763046","Front End Entry Level","Front end","Numeracy / finance",NA,FALSE
"763040","In-Store Shopper","Online order picking","Numeracy / finance",NA,FALSE
"759822","Pharmacy Manager (Pharmacist)","Pharmacy","Numeracy / finance",NA,FALSE
"W743851","Deli Clerk","Food / beverage","Numeracy / finance",NA,FALSE
"W731273","Front End Entry Level","Front end","Numeracy / finance",NA,FALSE
"757415","Fresh Cut Produce Clerk","Food / beverage","Numeracy / finance",NA,FALSE
"759149","Meat - Seafood Clerk","Food / beverage","Numeracy / finance",NA,FALSE
"758601","Front End Entry Level","Front end","Numeracy / finance",NA,FALSE
"W743965","Baker","Food / beverage","Numeracy / finance",NA,FALSE
"762779","Deli Clerk","Food / beverage","Numeracy / finance",NA,FALSE
"765425","Front End Entry Level","Front end","Numeracy / finance",NA,FALSE
"W735295","Deli Clerk","Food / beverage","Numeracy / finance",NA,FALSE
"W735293","Front End Entry Level","Front end","Numeracy / finance",NA,FALSE
"755786","Acme Assistant Store Director- Philadelphia, PA","Management","Numeracy / finance",NA,FALSE
"763018","Fresh Cut Produce Clerk","Food / beverage","Numeracy / finance",NA,FALSE
"760931","Front End Entry Level","Front end","Numeracy / finance",NA,FALSE
"757849","Deli Clerk","Food / beverage","Numeracy / finance",NA,FALSE
"W739803","In-Store Shopper","Online order picking","Numeracy / finance",NA,FALSE
"W735815","Fresh Cut Produce Clerk","Food / beverage","Numeracy / finance",NA,FALSE
"759382","Meat - Seafood Clerk","Food / beverage","Numeracy / finance",NA,FALSE
"W735799","Front End Entry Level","Front end","Numeracy / finance",NA,FALSE
"764996","Deli Clerk","Food / beverage","Numeracy / finance",NA,FALSE
"764995","Front End Entry Level","Front end","Numeracy / finance",NA,FALSE
"753190","Deli Clerk","Food / beverage","Numeracy / finance",NA,FALSE
"768701","Night Crew Stocker","Stocking / store support","Numeracy / finance","basic math",TRUE
"753199","Retail Sales and Store Support","Stocking / store support","Numeracy / finance",NA,FALSE
"763488","In-Store Shopper","Online order picking","Numeracy / finance",NA,FALSE
"766813","2027 Pharmacy Graduate Intern-ACME","Pharmacy","Numeracy / finance",NA,FALSE
"768334","Fresh Cut Produce Clerk","Food / beverage","Numeracy / finance",NA,FALSE
"768338","Deli Clerk","Food / beverage","Numeracy / finance","basic math",TRUE
"768341","Front End Entry Level","Front end","Numeracy / finance","basic math",TRUE
"W737276","Front End Entry Level","Front end","Numeracy / finance",NA,FALSE
"W736222","Deli Clerk","Food / beverage","Numeracy / finance",NA,FALSE
"W743435","Meat - Seafood Clerk","Food / beverage","Numeracy / finance",NA,FALSE
"W743441","Fresh Cut Produce Clerk","Food / beverage","Numeracy / finance",NA,FALSE
"W743429","Bakery Clerk","Food / beverage","Numeracy / finance",NA,FALSE
"W743406","Front End Entry Level","Front end","Numeracy / finance",NA,FALSE
"758298","Deli Clerk","Food / beverage","Numeracy / finance",NA,FALSE
"W743421","In-Store Shopper","Online order picking","Numeracy / finance",NA,FALSE
"759190","Customer Service Clerk","Front end","Numeracy / finance",NA,FALSE
"759196","Meat - Seafood Clerk","Food / beverage","Numeracy / finance",NA,FALSE
"759199","Retail Sales and Store Support","Stocking / store support","Numeracy / finance",NA,FALSE
"755616","Bakery Clerk","Food / beverage","Numeracy / finance",NA,FALSE
"752098","Front End Entry Level","Front end","Numeracy / finance",NA,FALSE
"765035","Fresh Cut Produce Clerk","Food / beverage","Numeracy / finance",NA,FALSE
"766712","Front End Entry Level","Front end","Numeracy / finance","basic math",TRUE
"746292","Deli Clerk","Food / beverage","Numeracy / finance",NA,FALSE
"753392","Bakery Clerk","Food / beverage","Numeracy / finance",NA,FALSE
"749616","In-Store Shopper","Online order picking","Numeracy / finance",NA,FALSE
"748847","Deli Clerk","Food / beverage","Numeracy / finance",NA,FALSE
"749698","Deli Clerk","Food / beverage","Numeracy / finance",NA,FALSE
"749726","Front End Entry Level","Front end","Numeracy / finance",NA,FALSE
"758881","Deli Clerk","Food / beverage","Numeracy / finance",NA,FALSE
"758887","Cake Decorator","Food / beverage","Numeracy / finance",NA,FALSE
"W736459","Front End Entry Level","Front end","Numeracy / finance",NA,FALSE
"W734472","Acme Store Director-Philadelphia, PA","Management","Numeracy / finance","strong analytical",TRUE
"W738695","Refrigeration Technician - Philadelphia, Chester, Delaware Counties","Maintenance","Numeracy / finance",NA,FALSE
"766523","Acme Store Director-Philadelphia, PA","Management","Numeracy / finance","strong analytical",TRUE
"W732500","Deli Clerk","Food / beverage","Creativity",NA,FALSE
"753555","Fresh Cut Produce Clerk","Food / beverage","Creativity",NA,FALSE
"753578","Front End Entry Level","Front end","Creativity",NA,FALSE
"755785","Frozen Food Supervisor-Philadelphia, PA","Management","Creativity",NA,FALSE
"753573","Retail Sales and Store Support","Stocking / store support","Creativity",NA,FALSE
"753572","Deli Clerk","Food / beverage","Creativity",NA,FALSE
"753576","Night Crew Stocker","Stocking / store support","Creativity",NA,FALSE
"W734814","In-Store Shopper","Online order picking","Creativity",NA,FALSE
"W738193","Night Crew Stocker","Stocking / store support","Creativity",NA,FALSE
"766162","Beverage Steward","Food / beverage","Creativity",NA,FALSE
"766163","Fresh Cut Produce Clerk","Food / beverage","Creativity",NA,FALSE
"767831","Baker","Food / beverage","Creativity",NA,FALSE
"W737518","Front End Entry Level","Front end","Creativity",NA,FALSE
"W738715","Acme Assistant Store Director-Philadelphia, PA","Management","Creativity",NA,FALSE
"757784","Night Crew Stocker","Stocking / store support","Creativity",NA,FALSE
"757982","In-Store Shopper","Online order picking","Creativity",NA,FALSE
"757971","Meat - Seafood Clerk","Food / beverage","Creativity",NA,FALSE
"757978","Deli Clerk","Food / beverage","Creativity",NA,FALSE
"757992","Starbucks Barista","Food / beverage","Creativity",NA,FALSE
"757997","Fresh Cut Produce Clerk","Food / beverage","Creativity",NA,FALSE
"757996","Front End Entry Level","Front end","Creativity",NA,FALSE
"757989","Night Crew Stocker","Stocking / store support","Creativity",NA,FALSE
"768747","Deli Clerk","Food / beverage","Creativity",NA,FALSE
"759503","In-Store Shopper","Online order picking","Creativity",NA,FALSE
"759516","Dairy Clerk","Food / beverage","Creativity",NA,FALSE
"759654","Deli Clerk","Food / beverage","Creativity",NA,FALSE
"759510","Meat - Seafood Clerk","Food / beverage","Creativity",NA,FALSE
"759538","Front End Entry Level","Front end","Creativity",NA,FALSE
"759529","Fresh Cut Produce Clerk","Food / beverage","Creativity",NA,FALSE
"758001","Fresh Cut Produce Clerk","Food / beverage","Creativity",NA,FALSE
"765325","Deli Clerk","Food / beverage","Creativity",NA,FALSE
"767314","Pharmacy Technician","Pharmacy","Creativity",NA,FALSE
"767868","Night Crew Stocker","Stocking / store support","Creativity",NA,FALSE
"766203","Deli Clerk","Food / beverage","Creativity",NA,FALSE
"W738195","Deli Associate","Food / beverage","Creativity",NA,FALSE
"762291","Night Crew Stocker","Stocking / store support","Creativity",NA,FALSE
"W733404","In-Store Shopper","Online order picking","Creativity",NA,FALSE
"W736204","Deli Clerk","Food / beverage","Creativity",NA,FALSE
"759853","Front End Entry Level","Front end","Creativity",NA,FALSE
"768625","Fresh Cut Produce Clerk","Food / beverage","Creativity",NA,FALSE
"766339","In-Store Shopper","Online order picking","Creativity",NA,FALSE
"745976","Deli Clerk","Food / beverage","Creativity",NA,FALSE
"765186","Asst. Deli Manager-Philadelphia, PA","Management","Creativity",NA,FALSE
"W734681","Deli Clerk","Food / beverage","Creativity",NA,FALSE
"W734688","Front End Entry Level","Front end","Creativity",NA,FALSE
"748505","Fresh Cut Produce Clerk","Food / beverage","Creativity",NA,FALSE
"748705","Meat - Seafood Clerk","Food / beverage","Creativity",NA,FALSE
"766315","Front End Entry Level","Front end","Creativity",NA,FALSE
"766313","Bakery Clerk","Food / beverage","Creativity",NA,FALSE
"W733472","Front End Entry Level","Front end","Creativity",NA,FALSE
"761686","Cake Decorator","Food / beverage","Creativity","artistic and creative skillset",TRUE
"748367","Customer Service Clerk","Front end","Creativity",NA,FALSE
"753353","Bakery Clerk","Food / beverage","Creativity",NA,FALSE
"W742507","Front End Entry Level","Front end","Creativity",NA,FALSE
"766268","In-Store Shopper","Online order picking","Creativity",NA,FALSE
"765920","Customer Service Clerk","Front end","Creativity",NA,FALSE
"765005","Night Crew Stocker","Stocking / store support","Creativity",NA,FALSE
"765009","Front End Entry Level","Front end","Creativity",NA,FALSE
"763037","Deli Clerk","Food / beverage","Creativity",NA,FALSE
"763036","Fresh Cut Produce Clerk","Food / beverage","Creativity",NA,FALSE
"763046","Front End Entry Level","Front end","Creativity",NA,FALSE
"763040","In-Store Shopper","Online order picking","Creativity",NA,FALSE
"759822","Pharmacy Manager (Pharmacist)","Pharmacy","Creativity",NA,FALSE
"W743851","Deli Clerk","Food / beverage","Creativity",NA,FALSE
"W731273","Front End Entry Level","Front end","Creativity",NA,FALSE
"757415","Fresh Cut Produce Clerk","Food / beverage","Creativity",NA,FALSE
"759149","Meat - Seafood Clerk","Food / beverage","Creativity",NA,FALSE
"758601","Front End Entry Level","Front end","Creativity",NA,FALSE
"W743965","Baker","Food / beverage","Creativity",NA,FALSE
"762779","Deli Clerk","Food / beverage","Creativity",NA,FALSE
"765425","Front End Entry Level","Front end","Creativity",NA,FALSE
"W735295","Deli Clerk","Food / beverage","Creativity",NA,FALSE
"W735293","Front End Entry Level","Front end","Creativity",NA,FALSE
"755786","Acme Assistant Store Director- Philadelphia, PA","Management","Creativity",NA,FALSE
"763018","Fresh Cut Produce Clerk","Food / beverage","Creativity",NA,FALSE
"760931","Front End Entry Level","Front end","Creativity",NA,FALSE
"757849","Deli Clerk","Food / beverage","Creativity",NA,FALSE
"W739803","In-Store Shopper","Online order picking","Creativity",NA,FALSE
"W735815","Fresh Cut Produce Clerk","Food / beverage","Creativity",NA,FALSE
"759382","Meat - Seafood Clerk","Food / beverage","Creativity",NA,FALSE
"W735799","Front End Entry Level","Front end","Creativity",NA,FALSE
"764996","Deli Clerk","Food / beverage","Creativity",NA,FALSE
"764995","Front End Entry Level","Front end","Creativity",NA,FALSE
"753190","Deli Clerk","Food / beverage","Creativity",NA,FALSE
"768701","Night Crew Stocker","Stocking / store support","Creativity",NA,FALSE
"753199","Retail Sales and Store Support","Stocking / store support","Creativity",NA,FALSE
"763488","In-Store Shopper","Online order picking","Creativity",NA,FALSE
"766813","2027 Pharmacy Graduate Intern-ACME","Pharmacy","Creativity",NA,FALSE
"768334","Fresh Cut Produce Clerk","Food / beverage","Creativity",NA,FALSE
"768338","Deli Clerk","Food / beverage","Creativity",NA,FALSE
"768341","Front End Entry Level","Front end","Creativity",NA,FALSE
"W737276","Front End Entry Level","Front end","Creativity",NA,FALSE
"W736222","Deli Clerk","Food / beverage","Creativity",NA,FALSE
"W743435","Meat - Seafood Clerk","Food / beverage","Creativity",NA,FALSE
"W743441","Fresh Cut Produce Clerk","Food / beverage","Creativity",NA,FALSE
"W743429","Bakery Clerk","Food / beverage","Creativity",NA,FALSE
"W743406","Front End Entry Level","Front end","Creativity",NA,FALSE
"758298","Deli Clerk","Food / beverage","Creativity",NA,FALSE
"W743421","In-Store Shopper","Online order picking","Creativity",NA,FALSE
"759190","Customer Service Clerk","Front end","Creativity",NA,FALSE
"759196","Meat - Seafood Clerk","Food / beverage","Creativity",NA,FALSE
"759199","Retail Sales and Store Support","Stocking / store support","Creativity",NA,FALSE
"755616","Bakery Clerk","Food / beverage","Creativity",NA,FALSE
"752098","Front End Entry Level","Front end","Creativity",NA,FALSE
"765035","Fresh Cut Produce Clerk","Food / beverage","Creativity",NA,FALSE
"766712","Front End Entry Level","Front end","Creativity",NA,FALSE
"746292","Deli Clerk","Food / beverage","Creativity",NA,FALSE
"753392","Bakery Clerk","Food / beverage","Creativity",NA,FALSE
"749616","In-Store Shopper","Online order picking","Creativity",NA,FALSE
"748847","Deli Clerk","Food / beverage","Creativity",NA,FALSE
"749698","Deli Clerk","Food / beverage","Creativity",NA,FALSE
"749726","Front End Entry Level","Front end","Creativity",NA,FALSE
"758881","Deli Clerk","Food / beverage","Creativity",NA,FALSE
"758887","Cake Decorator","Food / beverage","Creativity","artistic and creative skillset",TRUE
"W736459","Front End Entry Level","Front end","Creativity",NA,FALSE
"W734472","Acme Store Director-Philadelphia, PA","Management","Creativity",NA,FALSE
"W738695","Refrigeration Technician - Philadelphia, Chester, Delaware Counties","Maintenance","Creativity",NA,FALSE
"766523","Acme Store Director-Philadelphia, PA","Management","Creativity",NA,FALSE
